queue,n,exposure,add,cancel,exec,move,lambda_move,lambda_add,lambda_add_lo,lambda_add_hi,lambda_cancel,lambda_cancel_lo,lambda_cancel_hi,lambda_exec,lambda_exec_lo,lambda_exec_hi,lambda_total
-3,0,9.929894639979466,68.0,0.0,0.0,0.0,0.0,6.8480082080851385,5.317746327339849,8.681482158828606,0.0,0.0,0.3714923055942479,0.0,0.0,0.3714923055942479,6.8480082080851385
-3,1,243.5074408200744,666.0,328.0,37.0,0.0,0.0,2.7350293599122573,2.5312284783548087,2.950871211103109,1.346981426503334,1.205137616453979,1.5009315380943806,0.15194607555068096,0.10698405962204334,0.2094376499140083,4.233956861966273
-3,2,552.341909460105,728.0,691.0,12.0,0.0,0.0,1.3180241939482642,1.2240076297852305,1.4173462242258712,1.2510367005745202,1.1594851800744166,1.3478954054191072,0.021725673526619742,0.011225972540781965,0.0379503794464305,2.590786568049404
-3,3,762.6134891160473,756.0,759.0,16.0,0.0,0.0,0.9913278623963063,0.9219129027693372,1.0645845580396016,0.9952617031201012,0.9257066581906938,1.0686583926033024,0.020980483860239287,0.011992159310271344,0.03407099135851649,2.007570049376647
-3,4,1031.6216599757026,828.0,703.0,0.0,0.0,0.0,0.8026198286874876,0.7488744497170943,0.8592036430894628,0.6814513762890142,0.6320018196626459,0.7337421531840519,0.0,0.0,0.0035758065163160866,1.4840712049765017
-3,5,1191.0543784608526,965.0,798.0,3.0,0.0,0.0,0.8102065006024555,0.7598875682826232,0.8629818331063289,0.6699945984256575,0.6243093115204051,0.7181388991434068,0.0025187766858107423,0.0005194323064368262,0.007360934335401114,1.4827198757139237
-3,6,1438.2272259670717,954.0,843.0,3.0,0.0,0.0,0.6633166044805787,0.6218874450848971,0.7067801335326466,0.586138257418373,0.547233760287384,0.6270785178600916,0.0020859012719515054,0.0004301629893562909,0.006095888682573897,1.2515407631709032
-3,7,1751.2311247188554,942.0,780.0,0.0,0.0,0.0,0.537907296588981,0.5041010400639269,0.5733844264298544,0.4454009462201753,0.4146879277487988,0.4777866239662079,0.0,0.0,0.0021064492299416805,0.9833082428091562
-3,8,1619.5878571129942,852.0,759.0,0.0,0.0,0.0,0.5260597603631936,0.49132468742236507,0.5626025236199007,0.4686377442672112,0.43588643950391665,0.5031979598248449,0.0,0.0,0.0022776655418308514,0.9946975046304048
-3,9,1661.3084419490333,763.0,641.0,0.0,0.0,0.0,0.4592765441586842,0.4272621827939813,0.49305433338580673,0.3858404519078854,0.35654517667641333,0.41690107699136353,0.0,0.0,0.002220466327003174,0.8451169960665695
-3,10,1768.439449133024,724.0,583.0,0.0,0.0,0.0,0.4094005029999418,0.3801183077648657,0.4403398261509007,0.3296691895703951,0.30344836248759444,0.35754947280965793,0.0,0.0,0.0020859518011331437,0.739069692570337
-3,11,1771.9751253711147,614.0,513.0,0.0,0.0,0.0,0.3465059927810254,0.319636533264549,0.3750310187163347,0.28950744999457007,0.26499378685649844,0.3156787515462958,0.0,0.0,0.002081789637617714,0.6360134427755955
-3,12,1431.8418452490369,466.0,401.0,0.0,0.0,0.0,0.3254549387184237,0.2965726718741581,0.35639008220502,0.2800588635752959,0.25331521008076086,0.3088578310181761,0.0,0.0,0.002576317675275329,0.6055138022937196
-3,13,1531.0796457048928,455.0,402.0,0.0,0.0,0.0,0.29717591849411784,0.2704938321399591,0.32577817439982587,0.2625598224937041,0.2375176243184008,0.2895240790914666,0.0,0.0,0.0024093321758030524,0.559735740987822
-3,14,1033.3111995780564,345.0,328.0,0.0,0.0,0.0,0.33387811933217965,0.2995723775622802,0.37103551596504825,0.3174261540317534,0.28399960915796196,0.3537056385692369,0.0,0.0,0.0035699598103845747,0.651304273363933
-3,15,1059.2907493618914,308.0,238.0,0.0,0.0,0.0,0.2907605869167996,0.2591918181780601,0.32511393026119245,0.2246786353447997,0.1970385864881503,0.25511037614510784,0.0,0.0,0.0034824050491671795,0.5154392222615993
-3,16,734.9915456830204,235.0,177.0,0.0,0.0,0.0,0.31973156885990683,0.2801561364354204,0.363331006075524,0.24081909654554687,0.20664734750197525,0.2790278028423088,0.0,0.0,0.0050189413412720235,0.5605506654054537
-3,17,612.1328312800833,199.0,130.0,0.0,0.0,0.0,0.3250928390556247,0.2814916707742157,0.37353451620112776,0.21237220641824728,0.17743642090147432,0.25217474965927295,0.0,0.0,0.006026272837547047,0.537465045473872
-3,18,528.2118490559806,168.0,122.0,0.0,0.0,0.0,0.31805420552425956,0.27177724532484077,0.3699520735090673,0.2309679349640456,0.1918049103641909,0.27577603590681465,0.0,0.0,0.006983712047934357,0.5490221404883051
-3,19,386.167795917092,148.0,102.0,0.0,0.0,0.0,0.38325308729725027,0.3239959883683463,0.4502111189603448,0.2641338844886455,0.21536961671356813,0.3206405140943249,0.0,0.0,0.009552529996328116,0.6473869717858958
-3,20,353.22300396299397,161.0,122.0,0.0,0.0,0.0,0.4558027030902762,0.3881148964686223,0.5319005402300256,0.3453908681802093,0.2868262407170406,0.4123971774695858,0.0,0.0,0.0104434858792504,0.8011935712704855
-3,21,218.93124342402007,109.0,92.0,0.0,0.0,0.0,0.49787320573926386,0.40880570788308174,0.6005832677009733,0.4202232562202961,0.33875925430442866,0.5153665198125712,0.0,0.0,0.016849488434912026,0.91809646195956
-3,22,192.51586501700513,103.0,99.0,0.0,0.0,0.0,0.5350208409623898,0.4367013510153681,0.6488683695548783,0.5142433325755009,0.41795160542788545,0.6260728057010212,0.0,0.0,0.019161430949018635,1.0492641735378907
-3,23,159.84039688502526,80.0,82.0,0.0,0.0,0.0,0.5004992577536251,0.3968647840421704,0.622914650537673,0.5130117391974658,0.40801346054474324,0.6367828353759787,0.0,0.0,0.023078517859082784,1.013510996951091
-3,24,95.08721971394698,59.0,56.0,0.0,0.0,0.0,0.6204829647716174,0.47234038142883794,0.8003778172453276,0.5889329835120436,0.4448736466360849,0.7647784657743926,0.0,0.0,0.03879469254870712,1.2094159482836608
-3,25,114.95202988803067,72.0,60.0,0.0,0.0,0.0,0.626348226039434,0.49007891156913147,0.7887819304537496,0.5219568550328616,0.3983080681098503,0.6718619365127458,0.0,0.0,0.03209059864107749,1.1483050810722957
-3,26,137.01227554295474,74.0,64.0,0.0,0.0,0.0,0.5400975913052422,0.42409277572449466,0.6780430668255814,0.4671114303180473,0.3597327199399971,0.5964908683183127,0.0,0.0,0.026923714970031532,1.0072090216232894
-3,27,66.69931766307855,31.0,39.0,0.0,0.0,0.0,0.46477237078483746,0.3157902766792664,0.6597072810477356,0.5847136277615697,0.41578854868537873,0.7993227777102886,0.0,0.0,0.05530610482025842,1.0494859985464071
-3,28,41.86231261298235,24.0,34.0,0.0,0.0,0.0,0.5733080305878064,0.3673292729154592,0.8530369051488758,0.8121863766660591,0.5624626762084372,1.1349490539246696,0.0,0.0,0.08811934228807845,1.3854944072538655
-3,29,20.55106742802309,22.0,19.0,0.0,0.0,0.0,1.0705040055486934,0.6708791609252133,1.6207559292860205,0.9245261866102352,0.5566251584950948,1.443762163474142,0.0,0.0,0.17949819234614753,1.9950301921589286
-3,30,40.54945768396283,18.0,20.0,0.0,0.0,0.0,0.4439023609215602,0.26308467214393016,0.7015571080936793,0.49322484546840023,0.30127454923362723,0.7617457708908112,0.0,0.0,0.09097234993534513,0.9371272063899604
-3,31,48.951818574016215,26.0,25.0,0.0,0.0,0.0,0.5311345064879957,0.34695469362218007,0.7782351134825156,0.5107062562384573,0.33050216149512013,0.7539031801592684,0.0,0.0,0.07535735262901969,1.041840762726453
-3,32,71.97944261002704,28.0,17.0,0.0,0.0,0.0,0.38899995588600855,0.2584876456554509,0.5622132441691187,0.23617854464507662,0.13758270570752854,0.3781447289523043,0.0,0.0,0.0512490694613973,0.6251785005310851
-3,33,43.18678454698966,22.0,26.0,0.0,0.0,0.0,0.5094150960941016,0.31924772860151857,0.7712605774315974,0.6020360226566656,0.393269917956423,0.8821222622321975,0.0,0.0,0.08541685825440945,1.1114511187507672
-3,34,30.798113861994352,17.0,24.0,0.0,0.0,0.0,0.5519818543491531,0.3215497713263537,0.8837764201364002,0.779268500257628,0.49929203208974365,1.1594897581640664,0.0,0.0,0.11977614832660599,1.331250354606781
-3,35,44.86029283898097,36.0,12.0,0.0,0.0,0.0,0.8024914177269504,0.5620551231757849,1.110986383172445,0.26749713924231683,0.13821967527002588,0.46726366953098786,0.0,0.0,0.08223039174876977,1.0699885569692673
-3,36,65.77981562698551,31.0,19.0,0.0,0.0,0.0,0.47126918348008506,0.32020454570111273,0.6689289880769651,0.2888424027781166,0.17390199494073827,0.451063191478655,0.0,0.0,0.05607920026763666,0.7601115862582017
-3,37,29.13587545000337,12.0,19.0,0.0,0.0,0.0,0.41186337512294013,0.21281581599846866,0.7194424304890594,0.6521170106113219,0.39261703956677946,1.018361491230982,0.0,0.0,0.1266095285327529,1.063980385734262
-3,38,27.83434317499632,18.0,16.0,0.0,0.0,0.0,0.64668312403971,0.3832654039410773,1.0220381378743186,0.5748294435908533,0.3285646942032692,0.9334870032392776,0.0,0.0,0.13252978275512778,1.2215125676305634
-3,39,11.52930644902517,13.0,14.0,0.0,0.0,0.0,1.1275613201433448,0.6003789145173662,1.9281641975991108,1.2142968063082173,0.6638673635869703,2.037383707831071,0.0,0.0,0.31995675285618236,2.3418581264515623
-3,40,18.395815918032895,18.0,22.0,0.0,0.0,0.0,0.9784833725344638,0.5799112596001819,1.5464255782012613,1.1959241219865668,0.7494792801614376,1.810643492821326,0.0,0.0,0.20052817828524977,2.1744074945210308
-3,41,5.146184559991525,16.0,8.0,3.0,0.0,0.0,3.109099530629028,1.7771190183774874,5.048982852181995,1.554549765314514,0.6711442499750124,3.063082762857474,0.5829561619929426,0.12021957543174863,1.7036452866270233,5.246605457936484
-3,42,18.49120624398347,36.0,18.0,0.0,0.0,0.0,1.9468713682058145,1.363564771525879,2.695290606336322,0.9734356841029073,0.5769196795298622,1.5384480542898118,0.0,0.0,0.19949371638825325,2.920307052308722
-3,43,28.77966943501815,23.0,21.0,0.0,0.0,0.0,0.7991752668296586,0.506608565117992,1.1991552916462909,0.72968176536621,0.45168451338287546,1.1153960891532775,0.0,0.0,0.1281765748714761,1.5288570321958685
-3,44,13.830668533977587,10.0,12.0,0.0,0.0,0.0,0.7230308481063773,0.3467213955964368,1.3296794726038355,0.8676370177276527,0.4483207079606717,1.5155872615037331,0.0,0.0,0.2667173640270189,1.59066786583403
-3,45,19.4837404670252,22.0,9.0,0.0,0.0,0.0,1.129146635741396,0.7076301850542289,1.7095415761412456,0.46192362371238926,0.2112208948966088,0.8768749245214975,0.0,0.0,0.18933117387583218,1.5910702594537853
-3,46,19.595247492012277,19.0,15.0,0.0,0.0,0.0,0.9696228643065151,0.5837763043834876,1.5141862119210532,0.7654917349788277,0.4284399131067659,1.2625622045126428,0.0,0.0,0.18825378223049516,1.7351145992853427
-3,47,12.236207250985899,11.0,16.0,0.0,0.0,0.0,0.8989713703250413,0.44876326909176883,1.6085081030084813,1.3075947204727874,0.7474033633178824,2.123451905039239,0.0,0.0,0.301472456166245,2.2065660907978284
-3,48,10.490300596997258,18.0,18.0,0.0,0.0,0.0,1.7158707544712606,1.016933755306604,2.7118155485144886,1.7158707544712606,1.016933755306604,2.7118155485144886,0.0,0.0,0.3516466873380006,3.431741508942521
-3,49,24.881570147001185,8.0,12.0,0.0,0.0,0.0,0.3215231174212769,0.1388108610647616,0.6335287173222527,0.48228467613191534,0.24920352984514252,0.8424542713476347,0.0,0.0,0.14825750273475136,0.8038077935531923
-3,50,5.9212422630007495,6.0,12.0,0.0,0.0,0.0,1.013300880710687,0.3718635643823466,2.2055294214394197,2.026601761421374,1.0471747030968308,3.5400654317349436,0.0,0.0,0.6229907999482015,3.0399026421320605
-3,51,14.146221188006166,15.0,10.0,0.0,0.0,0.0,1.0603538429554396,0.5934719965994393,1.748892410395914,0.706902561970293,0.33898725549394,1.3000189801648223,0.0,0.0,0.2607678336912717,1.7672564049257324
-3,52,23.192696605015954,14.0,17.0,0.0,0.0,0.0,0.6036383021098193,0.3300146768895022,1.012802500799127,0.7329893668476377,0.4269933176923252,1.1735869821200504,0.0,0.0,0.15905349502636665,1.336627668957457
-3,53,23.40871300100116,12.0,15.0,0.0,0.0,0.0,0.5126296349349396,0.2648832128642453,0.8954608075753863,0.6407870436686746,0.35864364403221366,1.0568807806916916,0.0,0.0,0.15758574399011885,1.1534166786036142
-3,54,27.03126700001303,18.0,15.0,0.0,0.0,0.0,0.6658955349740477,0.3946518962797559,1.0524020301199448,0.5549129458117065,0.31058056334463585,0.9152445156001725,0.0,0.0,0.1364671309751096,1.2208084807857542
-3,55,18.516158502003236,18.0,19.0,0.0,0.0,0.0,0.9721238883352941,0.5761422262207024,1.536374851427755,1.0261307710205883,0.6177977555727413,1.6024303080131626,0.0,0.0,0.19922487991852314,1.9982546593558823
-3,56,25.219426392010064,13.0,13.0,0.0,0.0,0.0,0.515475641591857,0.2744690693360414,0.8814790460579958,0.515475641591857,0.2744690693360414,0.8814790460579958,0.0,0.0,0.1462713464126462,1.030951283183714
-3,57,9.202463466994232,9.0,8.0,0.0,0.0,0.0,0.9779989925827588,0.44720341592646645,1.8565467293291542,0.8693324378513412,0.37531604326777235,1.7129314641378295,0.0,0.0,0.40085782109807405,1.8473314304341
-3,58,4.599336490005953,7.0,9.0,0.0,0.0,0.0,1.5219586597350565,0.6119063168427199,3.135816523327196,1.9568039910879298,0.894775389085091,3.7146235089655413,0.0,0.0,0.8020460042724904,3.4787626508229863
-3,59,3.1537739749983302,13.0,7.0,0.0,0.0,0.0,4.122045556548447,2.194815654475514,7.048823439596886,2.219562991987625,0.8923794393101224,4.573148068326619,0.0,0.0,1.1696714740364007,6.3416085485360725
-3,60,6.408418462997361,8.0,10.0,0.0,0.0,0.0,1.248357928901263,0.5389523478672875,2.459762780974905,1.5604474111265787,0.7482951876225515,2.8697183475462675,0.0,0.0,0.5756302394130118,2.808805340027842
-3,61,1.9402255969980615,4.0,5.0,0.0,0.0,0.0,2.0616159307396233,0.5617209541573808,5.278555592323694,2.5770199134245293,0.8367513513017747,6.013904824972953,0.0,0.0,1.901263162294844,4.638635844164153
-3,63,1.9574750700048753,3.0,7.0,0.0,0.0,0.0,1.5325865682634354,0.31605619523627465,4.478868315661607,3.576035325948016,1.4377516703254138,7.367999512589683,0.0,0.0,1.884509034439324,5.108621894211452
-3,64,2.41911608898954,2.0,2.0,0.0,0.0,0.0,0.8267482528444495,0.10012304892946881,2.986498953318812,0.8267482528444495,0.10012304892946881,2.986498953318812,0.0,0.0,1.5248873218212415,1.653496505688899
-3,66,1.1762495420261985,6.0,1.0,0.0,0.0,0.0,5.100958415392405,1.8719618370247222,11.102638985960864,0.8501597358987343,0.021524180949458748,4.736786873762542,0.0,0.0,3.1361367824717705,5.95111815129114
-3,68,1.243538925984467,2.0,4.0,0.0,0.0,0.0,1.6083131442119265,0.1947741831661733,5.809780069413125,3.216626288423853,0.8764224029123302,8.235840842131887,0.0,0.0,2.9664366567323794,4.824939432635779
-3,74,1.1387198739976157,2.0,0.0,0.0,0.0,0.0,1.7563582103636735,0.2127031274984774,6.344569751260077,0.0,0.0,3.2394968581374384,0.0,0.0,3.2394968581374384,1.7563582103636735
-3,75,1.2152437360055046,0.0,1.0,0.0,0.0,0.0,0.0,0.0,3.035505837075326,0.8228801929783989,0.0208335227199025,4.584794988742621,0.0,0.0,3.035505837075326,0.8228801929783989
-3,90,1.7762117509919335,2.0,1.0,0.0,0.0,0.0,1.1259918750583038,0.13636283985211903,4.067469806845552,0.5629959375291519,0.014253823042298325,3.1368125944597476,0.0,0.0,2.076824146700901,1.6889878125874556
-3,92,2.7261940220050747,1.0,0.0,0.0,0.0,0.0,0.3668117499812119,0.00928686945240567,2.043744262501551,0.0,0.0,1.3531243280332705,0.0,0.0,1.3531243280332705,0.3668117499812119
-3,98,3.8806914950037026,1.0,1.0,0.0,0.0,0.0,0.25768603386470584,0.006524045525619841,1.4357346875195454,0.25768603386470584,0.006524045525619841,1.4357346875195454,0.0,0.0,0.9505727159356212,0.5153720677294117
-3,104,5.304017735994421,5.0,2.0,0.0,0.0,0.0,0.942681613990225,0.30608615410559936,2.199904423421963,0.37707264559609,0.04566524672424657,1.3621160462370592,0.0,0.0,0.6954877675239011,1.319754259586315
-3,105,2.004663719992095,1.0,1.0,0.0,0.0,0.0,0.4988367824624188,0.012629453873884498,2.7793406621639605,0.4988367824624188,0.012629453873884498,2.7793406621639605,0.0,0.0,1.8401487577819196,0.9976735649248376
-3,107,3.9733659110061126,0.0,1.0,0.0,0.0,0.0,0.0,0.0,0.9284016465475387,0.2516757888393888,0.00637187929613033,1.402247745546314,0.0,0.0,0.9284016465475387,0.2516757888393888
-3,146,1.2294571820166311,6.0,0.0,0.0,0.0,0.0,4.880202489165529,1.7909483027942208,10.622146271981373,0.0,0.0,3.0004131156997347,0.0,0.0,3.0004131156997347,4.880202489165529
-3,147,2.139034621992323,1.0,2.0,0.0,0.0,0.0,0.4675006143979978,0.01183609078786605,2.6047467084704787,0.9350012287959956,0.1132329865321994,3.3775459234945884,0.0,0.0,1.7245534112384158,1.4025018431939933
-3,148,1.3915519660004065,0.0,1.0,0.0,0.0,0.0,0.0,0.0,2.650910310389988,0.7186221028268145,0.018193936412635905,4.003906089797634,0.0,0.0,2.650910310389988,0.7186221028268145
-3,159,1.5182813299907139,2.0,0.0,0.0,0.0,0.0,1.3172789261738682,0.15952858917487076,4.758464406440503,0.0,0.0,2.4296415830500253,0.0,0.0,2.4296415830500253,1.3172789261738682
-3,194,1.8568114959998638,2.0,0.0,0.0,0.0,0.0,1.0771152614622475,0.13044365519373255,3.890910673101783,0.0,0.0,1.9866741788603222,0.0,0.0,1.9866741788603222,1.0771152614622475
-3,245,1.8801826279886882,2.0,2.0,0.0,0.0,0.0,1.0637264541367908,0.12882220851230106,3.8425456975169037,1.0637264541367908,0.12882220851230106,3.8425456975169037,0.0,0.0,1.9619793307313387,2.1274529082735816
-3,251,4.03966909799783,6.0,1.0,0.0,0.0,0.0,1.4852701680377145,0.5450679746472723,3.232807862651749,0.24754502800628575,0.006267297486528802,1.3792326192510065,0.0,0.0,0.9131637677804464,1.7328151960440004
-3,279,1.1897271940033534,2.0,1.0,0.0,0.0,0.0,1.6810576492499363,0.20358388020782037,6.072558233634521,0.8405288246249681,0.021280347387115803,4.683126870615344,0.0,0.0,3.1006095117495804,2.5215864738749043
-3,299,6.000089936009317,4.0,3.0,0.0,0.0,0.0,0.666656673926527,0.18164150625235437,1.7069058605170535,0.4999925054448953,0.10311047492516127,1.4611902760200075,0.0,0.0,0.6148040268488748,1.1666491793714224
-3,300,1.6388708669983316,4.0,1.0,0.0,0.0,0.0,2.4407048050870452,0.6650099135769397,6.249173672945717,0.6101762012717613,0.015448323900381866,3.399684199124012,0.0,0.0,2.25086645226069,3.0508810063588068
-3,301,11.063286746000813,4.0,4.0,0.0,0.0,0.0,0.36155620764741825,0.09851189783364264,0.9257274904409265,0.36155620764741825,0.09851189783364264,0.9257274904409265,0.0,0.0,0.33343431647447824,0.7231124152948365
-3,302,10.945121642995218,3.0,3.0,0.0,0.0,0.0,0.27409471523964046,0.05652491978392456,0.8010210718263968,0.27409471523964046,0.05652491978392456,0.8010210718263968,0.0,0.0,0.3370341211762399,0.5481894304792809
-3,303,1.350095843001327,0.0,1.0,0.0,0.0,0.0,0.0,0.0,2.7323093195468124,0.7406881557215617,0.0187526005027963,4.1268502675727605,0.0,0.0,2.7323093195468124,0.7406881557215617
-3,346,2.8386442629998783,3.0,0.0,0.0,0.0,0.0,1.0568425353973734,0.21794633831355423,3.0885423665158633,0.0,0.0,1.299521571687017,0.0,0.0,1.299521571687017,1.0568425353973734
-3,348,1.10155456999928,1.0,0.0,0.0,0.0,0.0,0.9078079536274392,0.022983707456550633,5.057982185070087,0.0,0.0,3.348794108417477,0.0,0.0,3.348794108417477,0.9078079536274392
-3,349,1.1078205699959653,1.0,0.0,0.0,0.0,0.0,0.9026732551135442,0.022853708145518622,5.02937347603068,0.0,0.0,3.3298528245665007,0.0,0.0,3.3298528245665007,0.9026732551135442
-3,350,10.538049610004236,3.0,0.0,0.0,0.0,0.0,0.2846826605515282,0.05870840865166059,0.8319635410920028,0.0,0.0,0.35005333915034137,0.0,0.0,0.35005333915034137,0.2846826605515282
-3,351,17.21403001699946,3.0,8.0,0.0,0.0,0.0,0.17427644758591654,0.035939993266227654,0.5093097352034551,0.4647371935624441,0.20064053410722074,0.9157175399733015,0.0,0.0,0.2142949356118839,0.6390136411483606
-3,355,10.98868588199548,7.0,2.0,0.0,0.0,0.0,0.6370188460359231,0.25611461477218916,1.3125022879517696,0.1820053845816923,0.022041696445324287,0.6574660287233545,0.0,0.0,0.335697961860755,0.8190242306176154
-3,358,1.5009846430039033,0.0,0.0,0.0,0.0,0.0,0.0,0.0,2.457639704248688,0.0,0.0,2.457639704248688,0.0,0.0,2.457639704248688,0.0
-2,0,17.967218264981057,262.0,0.0,1.0,0.0,0.0,14.5821126084192,12.869700605162251,16.458951417892614,0.0,0.0,0.205311662590738,0.055656918352745034,0.001409111171852098,0.31010050130009775,14.637769526771944
-2,1,266.48898227422615,2153.0,1893.0,520.0,0.0,0.0,8.079133259567522,7.741436946862229,8.427769465972212,7.103483167840834,6.787056356227616,7.4308551068657325,1.9513001834533725,1.7871677116227802,2.1264537701139403,17.13391661086173
-2,2,537.6247150508716,2120.0,2448.0,211.0,0.0,0.0,3.9432710971990925,3.777183748258486,4.114781418294927,4.553362097143103,4.374755981625351,4.737388453889477,0.3924670761834946,0.3412948293012565,0.449147019431101,8.88910027052569
-2,3,857.6702959718023,2332.0,3007.0,121.0,0.0,0.0,2.7189935467657484,2.6097470016333633,2.8316382968200746,3.5060092603450284,3.3818047102575113,3.63360920694084,0.14107985384161903,0.11706432184290352,0.16857242291178465,6.366082660952396
-2,4,1247.562530922769,2581.0,3629.0,96.0,0.0,0.0,2.0688341754628876,1.9897819425259375,2.1502217955786445,2.908872228886021,2.8149927194516886,3.005084715781488,0.07695005069524882,0.0623297881168958,0.09396918238047486,5.0546564550441575
-2,5,1606.9956437373257,2612.0,3978.0,103.0,0.0,0.0,1.625393329583256,1.5636515209126098,1.6889481035779221,2.475426747734377,2.399093132573961,2.553571076373988,0.06409475993379608,0.052316220440582914,0.07773353707202067,4.1649148372514295
-2,6,1720.4276529391354,2820.0,4409.0,65.0,0.0,0.0,1.6391273385907177,1.5791824068905391,1.70076528577287,2.562734906328537,2.4876416749735495,2.6395190156115653,0.03778130390368675,0.029158812719344847,0.04815537327264905,4.239643548822942
-2,7,1740.6936033921738,2575.0,4589.0,48.0,0.0,0.0,1.4792953768440196,1.422704834686947,1.5375597137843338,2.636305430810565,2.5605755530077476,2.713706333334794,0.02757521479165551,0.020331786567443166,0.03656073421428498,4.14317602244624
-2,8,1712.9237380678896,2199.0,4297.0,49.0,0.0,0.0,1.283769937405611,1.2306684634579865,1.3385732620411477,2.5085763624519832,2.4341253937984626,2.584725727453946,0.028606060451512025,0.021162921000626823,0.03781872896804399,3.8209523603091062
-2,9,1683.2022516710276,1938.0,3839.0,53.0,0.0,0.0,1.1513767867622666,1.1006806064459107,1.2038056730344067,2.2807716637669464,2.2091885845730848,2.3540836416618367,0.03148760046357076,0.023586373469346292,0.04118655667218861,3.463636050992784
-2,10,1561.5678497508707,1533.0,3505.0,64.0,0.0,0.0,0.9817056621936547,0.9331723653507432,1.0321083901970443,2.2445390384792954,2.1708401664481523,2.3201019468105013,0.04098445034598428,0.03156302081532911,0.05233622811965774,3.267229151018934
-2,11,1166.7201673860109,1264.0,2977.0,36.0,0.0,0.0,1.0833788901000492,1.0244699669356867,1.144792063066953,2.5515972751802583,2.4607536747834096,2.6449369497504702,0.030855727882596336,0.021610972469779173,0.04271733349814192,3.6658318931629035
-2,12,1074.5722943871224,1041.0,2552.0,42.0,0.0,0.0,0.9687575284022466,0.9107950217984251,1.0294416235832353,2.3748983789457574,2.2836419733251145,2.468866235647902,0.03908531814879381,0.028169259425902104,0.05283199564610978,3.3827412254967975
-2,13,990.7401962599979,959.0,2359.0,26.0,0.0,0.0,0.9679631487853064,0.9076617776573632,1.0312176692911967,2.38104803752298,2.2859233208204968,2.4791144170917176,0.026243005076556795,0.017142802199517547,0.038452082823464614,3.375254191384843
-2,14,898.3491284260235,846.0,2051.0,27.0,0.0,0.0,0.9417274122392224,0.8793299738484738,1.0073839743224733,2.283076740546862,2.18532869804115,2.3840705998279703,0.030055130177847524,0.01980652016988069,0.04372863645339083,3.2548592829639316
-2,15,881.4004736449933,767.0,1832.0,34.0,0.0,0.0,0.8702060220459207,0.8097029118423128,0.9340328268020203,2.078510342096645,1.9844112447215088,2.175919087443087,0.0385749735978635,0.026714290596190467,0.053904659137203506,2.9872913377404293
-2,16,623.7306918480317,646.0,1652.0,12.0,0.0,0.0,1.0357034028355847,0.9573656313539943,1.1187429507763376,2.6485789806259845,2.522385081939049,2.779451712651137,0.019239072498493836,0.009941109504088585,0.03360678786876838,3.7035214559600633
-2,17,611.9084025069751,596.0,1510.0,13.0,0.0,0.0,0.9740019871572302,0.897365126970074,1.055434022732184,2.467689598334593,2.34477879044737,2.5953714341586074,0.021245009786986565,0.01131207295511014,0.03632961375768242,3.46293659527881
-2,18,448.6155368049731,468.0,1255.0,7.0,0.0,0.0,1.043209522641776,0.9508240664683918,1.1421469117787262,2.7974956216141638,2.6448444411196266,2.956659854728209,0.015603561236094937,0.006273440887856177,0.03214929974209153,3.856308705492035
-2,19,450.68552801599435,394.0,1098.0,10.0,0.0,0.0,0.8742237669233909,0.7900219608716161,0.9649563146731361,2.436288568735744,2.294297655171548,2.5847668260649197,0.022188420480289107,0.010640210075621177,0.040805295264251584,3.332700756139424
-2,20,335.85598112503794,327.0,934.0,6.0,0.0,0.0,0.9736316110989821,0.8709511185190842,1.0850898416225594,2.780953898368346,2.605442465823938,2.965178055006913,0.017864800203651048,0.006556066818030237,0.03888414902951122,3.7724503096709796
-2,21,345.1789782879132,305.0,896.0,21.0,0.0,0.0,0.8835995793046239,0.787207469407219,0.9885378159215918,2.595754829694895,2.4285508777417086,2.7714381128141428,0.0608380038209741,0.037659683241873056,0.0929973513861212,3.540192412820493
-2,22,241.3687851808645,307.0,751.0,17.0,0.0,0.0,1.2719126036531863,1.133598925594551,1.422447263002694,3.1114213854838533,2.892841917084754,3.342139444547323,0.07043164254757057,0.04102902727122148,0.11276788253920617,4.45376563168461
-2,23,257.6792767711013,247.0,684.0,5.0,0.0,0.0,0.9585559347072067,0.842731943445025,1.0858518170102296,2.654462588419957,2.459235080204891,2.8610669077485706,0.01940396628961957,0.0063004150371027984,0.04528238446465274,3.632422489416783
-2,24,216.53765039589052,242.0,606.0,2.0,0.0,0.0,1.117588555881886,0.9812059545212519,1.2676255808181731,2.7985895242331527,2.5801769688741234,3.0305511301394206,0.009236269056875092,0.0011185550323518317,0.033364579575492936,3.925414349171914
-2,25,208.00001049199636,240.0,538.0,8.0,0.0,0.0,1.1538460956435141,1.0124726801467372,1.3094356331264592,2.5865383310675445,2.3725643598925528,2.814629080717047,0.03846153652145048,0.01660496155062166,0.07578455973587495,3.7788459632325093
-2,26,160.58788663001906,209.0,532.0,5.0,0.0,0.0,1.301468027171429,1.1309933965580554,1.490383580481048,3.312827705527274,3.0372631030638395,3.6066783982222637,0.03113559873615859,0.010109644159268351,0.07266010110840754,4.645431331434861
-2,27,96.20750196093286,140.0,442.0,0.0,0.0,0.0,1.4551879754330388,1.2241308508464712,1.7171788793337166,4.594236322438594,4.175862413813677,5.043175349746296,0.0,0.0,0.038342950174632795,6.049424297871632
-2,28,124.08547973105306,114.0,423.0,2.0,0.0,0.0,0.9187215155801255,0.7578319587897954,1.1036651821217338,3.4089403604420445,3.0917786789446873,3.7498083941216636,0.016117921325967115,0.0019519550479954407,0.058223473716529806,4.343779797348137
-2,29,45.40115842199157,73.0,311.0,3.0,0.0,0.0,1.607888488691954,1.2603279059677597,2.0216783750284586,6.850045479221886,6.109807475834186,7.65524677724219,0.06607760912432688,0.013626791570937687,0.19310681432955687,8.524011577038166
-2,30,62.39030288898357,79.0,269.0,3.0,0.0,0.0,1.2662224150533696,1.0024802102802202,1.578090930891452,4.311567463915904,3.811675306190859,4.858798939017923,0.04808439550835581,0.009916158349102068,0.1405230086050822,5.6258742744776296
-2,31,92.0368433589756,66.0,223.0,0.0,0.0,0.0,0.7171041247316264,0.5546082781169541,0.9123322723596873,2.4229427244720103,2.115346867409594,2.7626917074585338,0.0,0.0,0.04008046473004324,3.1400468492036366
-2,32,80.92316514303093,85.0,233.0,0.0,0.0,0.0,1.050379083044556,0.8390055046016892,1.2988100024650415,2.879274427639783,2.5214110688743174,3.273689467697397,0.0,0.0,0.04558496257028351,3.929653510684339
-2,33,73.22431906196289,71.0,185.0,3.0,0.0,0.0,0.9696232195743513,0.7572837790075664,1.2230477559144939,2.5264830369190845,2.1755206876030977,2.9179450016021056,0.04096999519328245,0.008448997967083545,0.11973171184184589,3.537076251686718
-2,34,42.728373034042306,66.0,161.0,6.0,0.0,0.0,1.544641073682278,1.1946252944846152,1.9651621739870166,3.767988073679496,3.2084327082664887,4.3970667097458325,0.140421915789298,0.051532368240105236,0.3056393935737739,5.453051063151072
-2,35,38.54659082098806,68.0,150.0,2.0,0.0,0.0,1.7640989397945666,1.3698918536751916,2.236415758695099,3.891394720135073,3.2935769051752066,4.566348472021959,0.051885262935134305,0.0062835460512914035,0.18742740963203994,5.707378922864774
-2,36,21.219878523013904,46.0,146.0,5.0,0.0,0.0,2.1677786680122106,1.587086437485814,2.891512957722213,6.880340989777887,5.809579087701424,8.091272765021438,0.2356281160882838,0.07650780791971439,0.5498774211486576,9.283747773878382
-2,37,71.20331799599808,66.0,138.0,2.0,0.0,0.0,0.926923096529146,0.7168822557048562,1.179273449689889,1.938111929106396,1.6282515329494218,2.2897771675875926,0.02808857868270139,0.0034016571890312488,0.10146560400640342,2.8931236043182436
-2,38,55.257445174007444,60.0,121.0,5.0,0.0,0.0,1.08582653090562,0.8286000340012951,1.3976739815501358,2.189750170659667,1.8169966281750891,2.6164720318890704,0.09048554424213501,0.029380409915912876,0.21116307571909493,3.3660622458074223
-2,39,43.85537401205511,63.0,101.0,0.0,0.0,0.0,1.4365400231835295,1.1038767969959598,1.8379587246191014,2.3030244816116903,1.8758512644408265,2.7983835156005212,0.0,0.0,0.08411465042117586,3.7395645047952195
-2,40,30.645064042029844,60.0,101.0,0.0,0.0,0.0,1.957900949977123,1.4940846880662777,2.520206624489981,3.29579993246149,2.684483174197663,4.004695684026432,0.0,0.0,0.12037434312601275,5.253700882438613
-2,41,30.147952824998356,54.0,99.0,5.0,0.0,0.0,1.7911663957236852,1.3455793236782392,2.3370836090498144,3.2838050588267564,2.6689147127587685,3.997914831988664,0.16584874034478567,0.05385063455360867,0.38703563545606373,5.240820194895227
-2,42,36.26501543401537,53.0,85.0,1.0,0.0,0.0,1.4614635997173127,1.0947365238157214,1.9116303715723624,2.3438567165277657,1.872189497018972,2.8982151271970813,0.027574784900326655,0.0006981331093145661,0.15363686804646673,3.8328951011454047
-2,43,26.994741287999204,38.0,84.0,14.0,0.0,0.0,1.4076815774816593,0.9961592651806911,1.9321529464869136,3.111717171275247,2.4820274817589123,3.852517594459073,0.5186195285458745,0.28353412224414354,0.8701554451376845,5.038018277302781
-2,44,10.336992402975739,22.0,57.0,5.0,0.0,0.0,2.128278627124346,1.3337808846856294,3.222239418260256,5.514176443003987,4.176383388895296,7.144255168621714,0.48369968798280594,0.15705597206892238,1.128793717209628,8.12615475811114
-2,45,12.026920339027129,22.0,57.0,7.0,0.0,0.0,1.8292297096714292,1.1463685202512017,2.7694757633872853,4.739367884148702,3.5895509528598835,6.140400810947471,0.5820276348954547,0.2340052958018946,1.1991993756623687,7.150625228715587
-2,46,10.59841169698484,29.0,40.0,4.0,0.0,0.0,2.736259057406711,1.8325156346845126,3.929724436958355,3.7741504240092567,2.696308395900375,5.139321675858275,0.37741504240092566,0.10283289654962002,0.9663324060450815,6.887824523816893
-2,47,21.353389370982768,32.0,43.0,0.0,0.0,0.0,1.4985911343650655,1.025035226540113,2.1155635433130944,2.013731836803057,1.45734771521824,2.712483568959427,0.0,0.0,0.17275381392739333,3.5123229711681225
-2,48,11.058408953991602,35.0,54.0,1.0,0.0,0.0,3.165012267643306,2.2045470106909084,4.401765893412088,4.883161784363958,3.6683814227997087,6.37146687980628,0.09042892193266588,0.0022894620817175745,0.5038377052358675,8.13860297393993
-2,49,36.429475119992276,28.0,48.0,6.0,0.0,0.0,0.7686083839465963,0.5107346892749158,1.110853115779857,1.3176143724798794,0.9715048242366975,1.7469654990225607,0.16470179655998493,0.060442656564174996,0.35848647227288,2.2509245529864605
-2,50,6.718491388986877,9.0,42.0,0.0,0.0,0.0,1.3395864456644286,0.6125442244555613,2.5429523478179963,6.251403413100666,4.5054617145296785,8.450081348850492,0.0,0.0,0.5490636573801139,7.590989858765095
-2,51,3.364000505003787,11.0,41.0,0.0,0.0,0.0,3.269916274875118,1.6323304229797244,5.850783459760449,12.18786975180726,8.746225758495289,16.534221526721293,0.0,0.0,1.0965751784599638,15.457786026682378
-2,52,2.6083950210231706,15.0,30.0,0.0,0.0,0.0,5.750662717534284,3.218602268873421,9.484843619192787,11.501325435068567,7.759895973686231,16.418857208985305,0.0,0.0,1.4142334364167486,17.25198815260285
-2,53,8.116301955968083,24.0,31.0,0.0,0.0,0.0,2.957011719155213,1.8946132041550343,4.399799044871026,3.8194734705754834,2.5951469146183994,5.421437711653047,0.0,0.0,0.45450249068190807,6.776485189730696
-2,54,18.77288584199414,37.0,39.0,0.0,0.0,0.0,1.9709276619171991,1.3877149622265392,2.7166641597450543,2.077464292291102,1.4772801967079225,2.8399620769317786,0.0,0.0,0.1965003934484101,4.048391954208301
-2,55,16.283987339986197,34.0,30.0,0.0,0.0,0.0,2.0879407045786134,1.445959634637755,2.917687855144412,1.8423006216870117,1.2429924931050746,2.629998691392004,0.0,0.0,0.2265341637214183,3.9302413262656253
-2,56,13.965417180013901,40.0,59.0,0.0,0.0,0.0,2.8642180526654473,2.0462393692531653,3.9002520484626046,4.224721627681535,3.21605384570751,5.449583093836372,0.0,0.0,0.2641438781644949,7.088939680346982
-2,57,28.157887665984163,40.0,58.0,0.0,0.0,0.0,1.4205611043871582,1.0148696798840704,1.934401032140786,2.0598136013613795,1.5641028262732228,2.662786734364009,0.0,0.0,0.13100696678217974,3.4803747057485372
-2,58,28.582156385025883,35.0,49.0,0.0,0.0,0.0,1.2245402176281006,0.8529371288197045,1.703039011940491,1.7143563046793409,1.2682902318672031,2.2664699514014512,0.0,0.0,0.12906232141555737,2.9388965223074415
-2,59,21.360939304999192,20.0,44.0,0.0,0.0,0.0,0.9362884147758106,0.5719092878347751,1.4460215190745687,2.0598345125067836,1.4966789101199376,2.765231689342604,0.0,0.0,0.17269275481956972,2.996122927282594
-2,60,12.544144020008389,19.0,38.0,0.0,0.0,0.0,1.5146509773559897,0.9119188320957337,2.3653151242730823,3.0293019547119795,2.1437143580545537,4.15795361055052,0.0,0.0,0.29407183529063696,4.5439529320679695
-2,61,11.520212912000716,17.0,53.0,0.0,0.0,0.0,1.4756671712456753,0.8596305072878564,2.362686091292001,4.600609416236517,3.446172152860208,6.0177103894483945,0.0,0.0,0.3202093123010943,6.076276587482193
-2,62,5.227126947000215,13.0,25.0,2.0,0.0,0.0,2.487025880911605,1.3242365378128471,4.252889999336371,4.782742078676164,3.0951384980451024,7.060270789617929,0.3826193662940931,0.046336980333520676,1.3821527085486454,7.652387325881862
-2,63,4.432728290972591,10.0,25.0,2.0,0.0,0.0,2.2559469797337584,1.0818142645689368,4.148766816921848,5.639867449334395,3.649824845068395,8.325556920032426,0.4511893959467516,0.05464112903947503,1.6298512323521595,8.347003825014905
-2,64,4.984884372999659,11.0,19.0,2.0,0.0,0.0,2.2066710432805365,1.101562234217386,3.9483440418214295,3.8115227111209267,2.2947856576827994,5.952164855075891,0.40121291696009753,0.048588745579712475,1.4493190066465869,6.4194066713615605
-2,65,15.103188373010198,29.0,28.0,0.0,0.0,0.0,1.9201243660460314,1.2859374231374305,2.757618882183459,1.8539131810099614,1.2319118451244764,2.679420725201655,0.0,0.0,0.2442450801120949,3.774037547055993
-2,66,15.440560553004616,17.0,27.0,0.0,0.0,0.0,1.1009962974881717,0.6413709162702785,1.7628017274677292,1.748641178363567,1.1523655550382437,2.544181107305577,0.0,0.0,0.23890838946233126,2.849637475851739
-2,67,20.080471938978008,46.0,25.0,0.0,0.0,0.0,2.290782813261966,1.677140931314481,3.055583250087138,1.2449906593815032,0.8056923112661036,1.8378518099415067,0.0,0.0,0.18370481855824752,3.5357734726434686
-2,68,22.116286583019246,45.0,47.0,0.0,0.0,0.0,2.034699624237585,1.4841238679478863,2.7225881827372596,2.125130718648144,1.561466118529167,2.8259733434922176,0.0,0.0,0.16679470309207495,4.159830342885729
-2,69,8.001628738980799,16.0,35.0,0.0,0.0,0.0,1.9995928981376345,1.1429401128158825,3.247213591775631,4.374109464676075,3.046727509832578,6.083327402076295,0.0,0.0,0.4610160724082537,6.3737023628137095
-2,70,5.1883019160086405,10.0,30.0,0.0,0.0,0.0,1.9274128919029827,0.9242693994611487,3.5445809322070976,5.782238675708948,3.901252153227084,8.2545052481746,0.0,0.0,0.7109993816535237,7.709651567611931
-2,71,5.153940440999577,5.0,25.0,0.0,0.0,0.0,0.9701315056388736,0.3149990592059606,2.2639633136815345,4.850657528194368,3.1390897960573962,7.160527390644986,0.0,0.0,0.7157396357879718,5.820789033833242
-2,74,11.211602671981382,11.0,20.0,4.0,0.0,0.0,0.9811264563887737,0.4897747920517778,1.7555062455512105,1.783866284343225,1.0896318700210383,2.755036795931675,0.356773256868645,0.09720870472425663,0.913481236808202,3.1217659976006438
-2,75,6.040795723987685,11.0,13.0,6.0,0.0,0.0,1.8209521564054174,0.9090127556261713,3.2581864066592425,2.152034366660948,1.145867665002657,3.680044307719781,0.9932466307665914,0.36450400809735106,2.1618797620750843,4.966233153832957
-2,77,5.82926853801473,5.0,16.0,1.0,0.0,0.0,0.8577405496750106,0.2785060217300145,2.0016803143017574,2.7447697589600337,1.5688730745549349,4.457334128307282,0.1715481099350021,0.004343222107402234,0.955804892947414,3.7740584185700463
-2,78,4.338647911994485,2.0,9.0,4.0,0.0,0.0,0.4609731051166574,0.055825981609238455,1.6651933538443675,2.074378973024958,0.9485381577060233,3.93781744865424,0.9219462102333148,0.2511993127198265,2.360548466514218,3.4572982883749304
-2,79,2.8084866509889252,4.0,10.0,0.0,0.0,0.0,1.4242545887093743,0.3880614398656875,3.6466574166544192,3.560636471773436,1.7074635887779206,6.548137245210747,0.0,0.0,1.3134758724293762,4.98489106048281
-2,80,1.503317328999401,8.0,7.0,0.0,0.0,0.0,5.321564413366239,2.29747380019051,10.485603349417383,4.6563688616954595,1.872101782657617,9.593899493796178,0.0,0.0,2.453826203526325,9.9779332750617
-2,81,2.466103820996068,5.0,10.0,2.0,0.0,0.0,2.0274896609910296,0.6583203741449493,4.731484530367335,4.054979321982059,1.9445202003683524,7.457251347426991,0.8109958643964118,0.09821536160879707,2.9295959100399442,6.8934648473695
-2,82,7.909044160005578,10.0,20.0,0.0,0.0,0.0,1.264375289566337,0.6063170971255585,2.3252311745854266,2.528750579132674,1.544626548828794,3.9054501754928634,0.0,0.0,0.4664128027970619,3.7931258686990112
-2,83,6.774142302994733,4.0,14.0,2.0,0.0,0.0,0.5904806573419145,0.16088610555826588,1.5118650033194703,2.0666823006967006,1.129874445199789,3.467541730183498,0.29524032867095723,0.03575497350223782,1.0665095807819165,2.9524032867095724
-2,84,1.7469194089935627,3.0,10.0,3.0,0.0,0.0,1.7173087576652226,0.3541503515906503,5.018704941170317,5.724362525550742,2.7450543347590135,10.527306495846224,1.7173087576652226,0.3541503515906503,5.018704941170317,9.158980040881188
-2,85,1.4917586649971781,4.0,9.0,0.0,0.0,0.0,2.6813988709142618,0.7305909455725444,6.86544607764894,6.033147459557089,2.7587391941752983,11.452793171106862,0.0,0.0,2.4728393007999814,8.71454633047135
-2,86,5.533784505001677,28.0,32.0,0.0,0.0,0.0,5.059828400381759,3.362219226108425,7.312860829092934,5.782661029007725,3.9553358630971722,8.163391985826305,0.0,0.0,0.6666106081253733,10.842489429389484
-2,88,2.2449765800047317,5.0,9.0,0.0,0.0,0.0,2.2271947264543233,0.7231640653084224,5.197529534717051,4.008950507617781,1.8331474519746036,7.610236829901878,0.0,0.0,1.6431705733456519,6.236145234072104
-2,90,3.576899098989088,1.0,7.0,0.0,0.0,0.0,0.27957176658481153,0.007078144304222967,1.5576741855853775,1.9570023660936806,0.7868164501244298,4.032172829750369,0.0,0.0,1.0313065457050483,2.2365741326784923
-2,91,1.205883722002909,0.0,8.0,0.0,0.0,0.0,0.0,0.0,3.0590672938074843,6.6341388095963545,2.864150260699986,13.07189817108692,0.0,0.0,3.0590672938074843,6.6341388095963545
-2,98,2.1543105029995786,3.0,18.0,0.0,0.0,0.0,1.3925569205659611,0.28717871543316814,4.069642262587084,8.355341523395767,4.951904920644402,13.205041811715825,0.0,0.0,1.7123248709866488,9.747898443961729
-2,112,1.2037179690087214,3.0,1.0,3.0,0.0,0.0,2.492278155879439,0.5139676725147556,7.283494386116288,0.8307593852931464,0.02103300659799857,4.62869503852902,2.492278155879439,0.5139676725147556,7.283494386116288,5.815315697052024
-2,114,2.0797771959987585,3.0,4.0,7.0,0.0,0.0,1.4424622049763982,0.2974703848498061,4.215486681270236,1.923282939968531,0.5240298699894849,4.924368194394709,3.3657451449449294,1.3532041109664834,6.93472136796666,6.731490289889859
-2,116,5.1214907560060965,4.0,3.0,4.0,0.0,0.0,0.7810225948976093,0.21280237054967116,1.9997280407844409,0.5857669461732069,0.12079922670368377,1.7118595907765195,0.7810225948976093,0.21280237054967116,1.9997280407844409,2.1478121359684255
-2,117,2.0862815089931246,2.0,1.0,2.0,0.0,0.0,0.9586434004130318,0.11609616319748686,3.4629495763544957,0.4793217002065159,0.012135374768531926,2.67060958308923,0.9586434004130318,0.11609616319748686,3.4629495763544957,2.3966085010325795
-2,127,1.9993843410047702,9.0,12.0,0.0,0.0,0.0,4.501385659286069,2.058320160350058,8.54503213865993,6.001847545714758,3.1012422081920383,10.484019814640996,0.0,0.0,1.8450076748426103,10.503233205000827
-2,133,1.0887477500145906,0.0,3.0,0.0,0.0,0.0,0.0,0.0,3.3881856050352344,2.75545919609,0.5682419301324023,8.052621068217896,0.0,0.0,3.3881856050352344,2.75545919609
-2,185,3.547440323003684,8.0,3.0,1.0,0.0,0.0,2.255147168543839,0.9736124817524984,4.443538942142465,0.8456801882039396,0.17439958577562764,2.4714363798850063,0.28189339606797986,0.007136922873688489,1.5706094771514811,3.3827207528157586
-2,186,1.5991220139912912,5.0,6.0,2.0,0.0,0.0,3.12671575793042,1.0152360957537678,7.296711556236644,3.7520589095165042,1.3769394919372564,8.166652643298429,1.250686303172168,0.15146391358807473,4.517908955359616,8.129460970619093
-2,187,1.5582095400168328,4.0,3.0,0.0,0.0,0.0,2.5670488450204134,0.6994344121487996,6.5726645950923,1.92528663376531,0.3970403896313701,5.6265045519151515,0.0,0.0,2.367383435525678,4.492335478785723
-2,188,1.3688968219939852,2.0,2.0,0.0,0.0,0.0,1.4610304939467438,0.1769375709347868,5.277744495892842,1.4610304939467438,0.1769375709347868,5.277744495892842,0.0,0.0,2.694782685477039,2.9220609878934876
-2,280,1.019356204997166,3.0,2.0,0.0,0.0,0.0,2.943034030001652,0.6069243703650397,8.600794331522902,1.9620226866677681,0.23761004971234598,7.087500554081627,0.0,0.0,3.618832588677077,4.905056716669421
-2,281,1.0681598209994263,0.0,2.0,0.0,0.0,0.0,0.0,0.0,3.453490181518368,1.8723789836325198,0.2267537813932575,6.763676676177693,0.0,0.0,3.453490181518368,1.8723789836325198
-2,303,3.4177149350070977,5.0,3.0,0.0,0.0,0.0,1.4629657812551344,0.4750210070153346,3.414074111274128,0.8777794687530808,0.18101922912254717,2.565244099190536,0.0,0.0,1.0793408825087616,2.340745250008215
-2,313,1.3538144039994222,3.0,4.0,0.0,0.0,0.0,2.2159610587222565,0.45698444415122746,6.4759785712444415,2.9546147449630085,0.8050330757352394,7.564987228048481,0.0,0.0,2.724804406879032,5.1705758036852645
-2,377,4.953959209997265,11.0,1.0,0.0,0.0,0.0,2.2204462196219965,1.1084387526153792,3.9729916373923513,0.20185874723836333,0.005110621002530187,1.1246849549538325,0.0,0.0,0.7446325853207767,2.42230496686036
-2,378,8.812830237002345,3.0,5.0,0.0,0.0,0.0,0.3404127753878577,0.07020129813666313,0.9948305860847357,0.5673546256464295,0.18421850262154194,1.3240164357564677,0.0,0.0,0.4185805643487235,0.9077674010342872
-2,381,1.908919599998626,6.0,3.0,0.0,0.0,0.0,3.1431391872158048,1.1534766857087306,6.841290760767548,1.5715695936079024,0.32409543225185944,4.592793258421483,0.0,0.0,1.9324435948567928,4.714708780823707
-2,401,1.0355042299997876,5.0,0.0,0.0,0.0,0.0,4.828565499921739,1.567822074583658,11.268261143969507,0.0,0.0,3.5623992131009374,0.0,0.0,3.5623992131009374,4.828565499921739
-2,403,1.8747779469995294,8.0,5.0,0.0,0.0,0.0,4.267172020453689,1.842262003495483,8.408029999190763,2.666982512783555,0.8659619624375857,6.223847521780988,0.0,0.0,1.967635399177683,6.934154533237244
-2,404,1.503724964997673,5.0,1.0,0.0,0.0,0.0,3.3250761385129612,1.0796431713966608,7.759618514640227,0.6650152277025922,0.01683672784160304,3.7052276983028745,0.0,0.0,2.453161010144993,3.9900913662155535
-2,409,5.603716369005269,21.0,22.0,0.0,0.0,0.0,3.7475130105001666,2.3197696186011165,5.728471717893468,3.925966011000175,2.4603819972917416,5.943959721330055,0.0,0.0,0.6582916070694632,7.6734790215003414
-2,413,3.7668060360010713,4.0,1.0,0.0,0.0,0.0,1.0619076113211534,0.28933408389229176,2.7189052416079282,0.26547690283028835,0.006721293250121222,1.479142631101304,0.0,0.0,0.9793122923924524,1.3273845141514418
-2,439,4.575405783987662,10.0,3.0,0.0,0.0,0.0,2.1855984959840153,1.0480794321925795,4.01939345060446,0.6556795487952046,0.13521688613078642,1.9161738835109985,0.0,0.0,0.8062409386777755,2.8412780447792203
-2,440,18.241382864005573,26.0,28.0,0.0,0.0,0.0,1.4253305351812968,0.9310732274091887,2.088439476718468,1.5349713455798581,1.0199773117295308,2.2184609711317678,0.0,0.0,0.20222586640582715,2.960301880761155
-2,441,2.0701191310145077,0.0,8.0,0.0,0.0,0.0,0.0,0.0,1.7819648148974492,3.8645118921631445,1.668421940072538,7.614629024981869,0.0,0.0,1.7819648148974492,3.8645118921631445
-2,444,4.146473441993294,5.0,1.0,0.0,0.0,0.0,1.2058439707734867,0.391534255031422,2.8140375773668205,0.24116879415469733,0.006105865222211358,1.343706518052723,0.0,0.0,0.8896426097306961,1.447012764928184
-2,446,6.353159222002432,3.0,3.0,0.0,0.0,0.0,0.47220601517593314,0.09738023261765569,1.3799863600740978,0.47220601517593314,0.09738023261765569,1.3799863600740978,0.0,0.0,0.580637022497171,0.9444120303518663
-2,450,4.8901351660024375,2.0,2.0,0.0,0.0,0.0,0.4089866500837337,0.04953018072544709,1.4774004035618427,0.4089866500837337,0.04953018072544709,1.4774004035618427,0.0,0.0,0.7543512252503854,0.8179733001674674
-1,0,282.9271869776494,11919.0,0.0,507.0,6472.0,22.87514349234764,42.12744673752959,41.374501336163995,42.890653685971806,0.0,0.0,0.013038264344689325,1.791980492988296,1.6393716486817729,1.9549720295687307,43.91942723051788
-1,1,1415.1648247584526,20857.0,10683.0,18688.0,123.0,0.08691567077424657,14.738212563727322,14.53886565531438,14.939609470068467,7.548943990904683,7.406465660570688,7.6934742195865695,13.205528905927803,13.0168677534411,13.396240326424282,35.492685460559805
-1,2,1259.222817513546,13462.0,8750.0,6697.0,10.0,0.00794140628720971,10.690721143841712,10.51088174435443,10.872865728605854,6.948730501308496,6.803888097714161,7.095879698052227,5.318359790544343,5.191738195927903,5.447289364558736,22.957811435694552
-1,3,1277.3457573834094,14214.0,10126.0,4790.0,2.0,0.0015657467748567298,11.127762328906778,10.945569545730043,11.312227414600745,7.927375921099623,7.7737147417934125,8.083310588939229,3.7499635257818675,3.644511151526441,3.8576928376085964,22.80510177578827
-1,4,1424.2816565619796,14834.0,11099.0,3751.0,1.0,0.0007021083192308063,10.41507480746978,10.24813796955035,10.584049404397803,7.7927002351427195,7.6483910408765,7.9390480679439595,2.6336083054347545,2.5499950320714304,2.719264903425475,20.841383348047255
-1,5,1565.5433052424196,15817.0,11912.0,2936.0,0.0,0.0,10.103201838642711,9.946356839397096,10.261900564519355,7.608860106335713,7.47282689681942,7.746747798745534,1.8753872793990642,1.8081581661972532,1.9444766697211389,19.587449224377487
-1,6,1602.8808195953534,15418.0,12317.0,2408.0,0.0,0.0,9.618930996936047,9.467691615479936,9.771980986665168,7.68428934292783,7.5491751252893025,7.821214752497171,1.5022950992750033,1.4428848792946698,1.5635234322949956,18.80551543913888
-1,7,1481.2105064097923,14359.0,11831.0,1926.0,0.0,0.0,9.694098129781583,9.536178625401377,9.853977162843051,7.987385958175772,7.844099545946199,8.132632459042961,1.3002878332724654,1.2428588804706833,1.3596858264902179,18.98177192122982
-1,8,1412.1081067725172,13525.0,11320.0,1515.0,1.0,0.0007081610786057858,9.577878588143253,9.417133550602616,9.74067922060521,8.016383409817497,7.869381518331822,8.165441450156468,1.0728640340877655,1.0195139016154053,1.1282815654583227,18.667126032048515
-1,9,1325.6090852722482,12433.0,10302.0,1188.0,0.0,0.0,9.37908478308789,9.214938438021905,9.545421127946849,7.771521872063978,7.6221678186373225,7.923066577057778,0.8961918058641046,0.8459486895286661,0.9486396592966142,18.04679846101597
-1,10,1237.778067221334,11174.0,9445.0,1123.0,0.0,0.0,9.027466470693179,8.860850641648778,9.19642808720975,7.630608628575002,7.477486712916284,7.786076986620335,0.9072708829952068,0.8549767693837782,0.9619268285781355,17.565345982263388
-1,11,996.2986096466266,9782.0,8205.0,925.0,0.0,0.0,9.818341514568148,9.624725484802234,10.014872534058554,8.23548273635572,8.05823934280845,8.415642030649945,0.9284365059267571,0.8695613406654135,0.9902489177021361,18.982260756850625
-1,12,980.0406404602545,8592.0,7275.0,805.0,1.0,0.0010203658488390564,8.766983373225171,8.582576710931997,8.954354057667421,7.423161550304135,7.2535530276782305,7.595735027948672,0.8213945083154404,0.765625399161611,0.8801519318950927,17.011539431844746
-1,13,806.0325708891105,7356.0,6113.0,711.0,0.0,0.0,9.126182074609982,8.918806669995393,9.337162436763114,7.584060769724147,7.395120800926693,7.776607065868489,0.882098348973314,0.818443206089727,0.9493896453742747,17.592341193307444
-1,14,668.4034251006669,6671.0,5354.0,625.0,1.0,0.0014961024471850843,9.980499425171697,9.742419941157342,10.222927007121632,8.010132502228942,7.796993112404688,8.227622068846822,0.9350640294906777,0.8631835189753718,1.0113330230755084,18.925695956891317
-1,15,535.7254752732115,5819.0,4651.0,534.0,0.0,0.0,10.861906458774248,10.584597819140571,11.144641625650157,8.681685330771444,8.433953159125258,8.93484686099514,0.9967791800971728,0.9140180493197552,1.0850215622097736,20.540370969642865
-1,16,481.987780853,5101.0,4212.0,579.0,0.0,0.0,10.583255847217709,10.29479708266356,10.877747959519066,8.738810748574984,8.476871068106531,9.006786625341347,1.2012752667200655,1.105407079067538,1.303232376274672,20.52334186251276
-1,17,458.17525685502915,4814.0,3724.0,607.0,0.0,0.0,10.5068964942452,10.212165270213443,10.807975510542565,8.12789417211656,7.86891895467395,8.393221385594646,1.3248205592037468,1.2215100048918623,1.434534443066857,19.95961122556551
-1,18,334.8941402649725,3978.0,3285.0,448.0,0.0,0.0,11.878380424490425,11.512092179087103,12.253357411568413,9.80906980755431,9.476472033129065,10.150360961251879,1.337736156403145,1.2167143415317938,1.4675377157854446,23.025186388447878
-1,19,352.7203487503575,3762.0,2994.0,432.0,0.0,0.0,10.665673282894732,10.327544969390338,11.01205245715736,8.48831095401032,8.186956152917707,8.797922067198023,1.224766309997481,1.111980581255441,1.3458904360446375,20.37875054690253
-1,20,277.5649618759053,3350.0,2643.0,353.0,0.0,0.0,12.069246699436544,11.663968551715648,12.485013187962359,9.522095231824116,9.162498318766954,9.892188121056696,1.271774353701821,1.1425495677603257,1.4116130708367562,22.86311628496248
-1,21,293.6983786098863,2963.0,2516.0,322.0,0.0,0.0,10.088581401178567,9.728561354180048,10.45851727491809,8.566611814163103,8.235112743951124,8.908031905133157,1.0963628792370903,0.9798699720133313,1.2228948879560284,19.751556094578763
-1,22,232.20918439720845,2701.0,2187.0,303.0,0.0,0.0,11.631753528662196,11.197183560762499,12.078868696283957,9.418232124096344,9.02760310519608,9.821415329223266,1.3048579486059406,1.1620552967740447,1.4603652010118422,22.35484360136448
-1,23,198.16952391702944,2558.0,2003.0,296.0,0.0,0.0,12.908140209646946,12.412716229215043,13.41826689268131,10.107507756029255,9.669665417586325,10.560065438706053,1.4936706419294357,1.3283395462940444,1.6738918931510616,24.50931860760564
-1,24,241.6959116092694,2343.0,1901.0,237.0,0.0,0.0,9.693999308468825,9.305409826044427,10.094647298597566,7.86525509406711,7.515624570770627,8.226953296608226,0.9805709927900605,0.8596949879514099,1.1136828050881389,18.539825395325998
-1,25,200.98605273765133,2076.0,1696.0,283.0,0.0,0.0,10.329074936905293,9.889486098838585,10.783170984677406,8.438396480246329,8.041528298982655,8.84978317824843,1.4080579032486504,1.2487703786071898,1.5820332397957246,20.175529320400273
-1,26,155.97418136291526,2009.0,1571.0,250.0,0.0,0.0,12.880336876559904,12.323204316016165,13.456165481694674,10.072179807404485,9.580217770555198,10.582856103593457,1.602829377371815,1.4102846619154454,1.8143240283074171,24.555346061336206
-1,27,163.22511284211942,1705.0,1481.0,164.0,0.0,0.0,10.445696561712122,9.955705408616904,10.953564601972072,9.0733587143083,8.617085699506006,9.54751914791283,1.004747352563512,0.85685566449264,1.1708343054510122,20.523802628583937
-1,28,144.00798692209355,1612.0,1277.0,138.0,0.0,0.0,11.193823581966123,10.65398816526374,11.753926118518905,8.867563718468201,8.387814840894752,9.367600493261088,0.9582801825752637,0.8050727890584942,1.1321575649267115,21.019667483009588
-1,29,142.0822207408928,1508.0,1177.0,143.0,0.0,0.0,10.613572846317295,10.084585490096755,11.16310780279985,8.28393583562033,7.817380433288478,8.771062080222931,1.0064594940473297,0.8482642972053913,1.1855947607106518,19.903968175984954
-1,30,131.54371222916234,1420.0,1160.0,130.0,0.0,0.0,10.794890732034517,10.240661015475904,11.371320012342222,8.818361443070451,8.318133614013368,9.340809701136095,0.9882646444820332,0.825692515879485,1.1734840143279417,20.601516819587
-1,31,100.27049099895521,1208.0,983.0,104.0,0.0,0.0,12.047412832680624,11.37753437488691,12.74643630754942,9.803482462355177,9.200135940828744,10.43600425497883,1.0371944822837624,0.8474630518266425,1.2567347156634385,22.888089777319564
-1,32,82.55736263214203,1023.0,883.0,114.0,0.0,0.0,12.391384213159393,11.643591988576997,13.17460401452715,10.695593607252928,10.00167503102384,11.424967829420545,1.3808580648095512,1.1390376238271982,1.6588323466224337,24.467835885221874
-1,33,80.32119440200768,1025.0,768.0,148.0,0.0,0.0,12.761264416336662,11.991890799384828,13.567051556429565,9.561610801703956,8.897242599943677,10.262451109932462,1.8426020815783668,1.5577061278244229,2.164522537303534,24.165477299618985
-1,34,63.64318843809451,956.0,726.0,131.0,0.0,0.0,15.021246161007436,14.084021375714212,16.004443704879517,11.407348026037027,10.59254615519806,12.268195370106566,2.0583506768744497,1.7209825992154535,2.4425231774673293,28.486944863918914
-1,35,50.37863051187014,798.0,580.0,150.0,0.0,0.0,15.840049479153198,14.75995539070988,16.97827970862123,11.512817917179015,10.594809436259217,12.48908028940332,2.9774529096152627,2.5200399457331746,3.4938854889197826,30.330320305947474
-1,36,54.144684487910126,792.0,575.0,130.0,0.0,0.0,14.627474654078819,13.626358837933381,15.6826853270001,10.619694351130455,9.769304649802312,11.524289292376258,2.40097437503819,2.0060077868378086,2.8509621017506297,27.648143380247465
-1,37,54.39482138489984,793.0,506.0,140.0,0.0,0.0,14.578593693482356,13.581441510214546,15.629591576494466,9.302356127240948,8.509382850537278,10.149334330458391,2.573774422556784,2.165106314071724,3.037154754710391,26.454724243280086
-1,38,63.74608295698272,740.0,569.0,122.0,0.0,0.0,11.608556411213039,10.787119208520169,12.475959400077311,8.926038645919215,8.207591455969665,9.690530042908708,1.9138430840107983,1.5893310092457695,2.285131306812486,22.448438141143054
-1,39,47.6330154932657,690.0,531.0,134.0,0.0,0.0,14.485750961904802,13.424922820695242,15.608120599168391,11.147730088074566,10.21959605495306,12.137513882909648,2.81317482448586,2.3570469296943886,3.3318191392606162,28.44665587446523
-1,40,48.10756616684375,690.0,544.0,98.0,0.0,0.0,14.34285820253271,13.292494459110715,15.454156374124562,11.307992553880862,10.377589529112589,12.299426714979953,2.037101599780008,1.6538175470864296,2.4825743601107,27.68795235619358
-1,41,43.21167272108141,613.0,464.0,115.0,0.0,0.0,14.185981735924317,13.085065236805136,15.354788556937034,10.737839356392959,9.782913801505421,11.76079030502013,2.6613179439335997,2.1971909042699114,3.194509143627662,27.585139036250876
-1,42,45.715265224956966,615.0,437.0,91.0,0.0,0.0,13.452836748812254,12.410481380557595,14.559363039351066,9.559170177611309,8.683818459034164,10.498851738518509,1.990582348198236,1.6026927359229828,2.443994021838312,25.0025892746218
-1,43,37.70025562486262,539.0,436.0,87.0,0.0,0.0,14.296985287403183,13.115326846158355,15.556527852133469,11.564908321535786,10.504702746937259,12.703121557100573,2.3076766604899386,1.8483544045219886,2.846510635109649,28.169570269428906
-1,44,31.46465076401364,520.0,410.0,86.0,0.0,0.0,16.526482493005386,15.136367099564795,18.009940911181744,13.03049581179271,11.799566185720597,14.35493839412917,2.7332259507662755,2.1862279597536283,3.3755118141473086,32.29020425556437
-1,45,16.779836448011338,410.0,338.0,105.0,0.0,0.0,24.434087976381388,22.125914656609424,26.917611784215882,20.143223746382706,18.05278619350807,22.40929957254161,6.257510335414746,5.1180235031704475,7.5750977825472265,50.83482205817884
-1,46,30.880047234051744,425.0,392.0,94.0,0.0,0.0,13.762932316092709,12.485396619887778,15.13572380831327,12.694281100960804,11.46858196928821,14.01529856604154,3.044036794618152,2.4598915870610005,3.7251301093213702,29.501250211671664
-1,47,21.63477862301079,386.0,337.0,83.0,0.0,0.0,17.8416431582734,16.10594441463826,19.713410406137715,15.576771358388951,13.957903694837983,17.331866864612167,3.836415497763451,3.055683529273066,4.755814218862912,37.2548300144258
-1,48,17.83560248393769,399.0,351.0,66.0,0.0,0.0,22.370985244783835,20.229500912155796,24.677476908500992,19.67973889954668,17.674548360793487,21.850115974520705,3.7004637247010854,2.861938376604358,4.7078971690542275,45.751187869031604
-1,49,17.186636175007152,339.0,330.0,49.0,0.0,0.0,19.72462770189868,17.68056988305191,21.940162015213613,19.200965019547386,17.184973829168932,21.388473952741748,2.8510523816903692,2.109224247240694,3.7692424470544386,41.77664510313643
-1,50,15.723493586061522,374.0,283.0,56.0,0.0,0.0,23.786062426453462,21.436200325564993,26.323198017987725,17.998544563332434,15.962446755118954,20.222389790534226,3.561549454228326,2.6903561826825615,4.6249682113935515,45.34615644401422
-1,51,9.567591686951346,273.0,245.0,70.0,0.0,0.0,28.533826372662624,25.249131785779735,32.127175770277326,25.60728007803056,22.500914539731447,29.022638482727174,7.31636573658016,5.703466022945778,9.243787958955014,61.457472187273346
-1,52,11.614083084037702,284.0,228.0,38.0,0.0,0.0,24.45307115034567,21.69152809669312,27.468783606434098,19.63133881084089,17.165662033776563,22.351754905367585,3.271889801806815,2.315383956754623,4.490924383944272,47.35629976299337
-1,53,16.19153138101683,238.0,208.0,63.0,0.0,0.0,14.699042011494628,12.890760424239309,16.689963114518847,12.846221589877658,11.159644511036316,14.715705892163234,3.8909228853956366,2.9898919784848066,4.978180592688851,31.43618648676792
-1,54,7.932810410071397,234.0,191.0,58.0,0.0,0.0,29.4977426540935,25.839065718731984,33.529268938154004,24.077217294580592,20.78355282328096,27.74457557038635,7.311406298877876,5.551857337260297,9.45168809902514,60.88636624755197
-1,55,17.80834140595107,249.0,170.0,62.0,0.0,0.0,13.982211724489451,12.29929575766439,15.83110735837143,9.546088325956653,8.165000751348154,11.093872774179435,3.4815145659371325,2.6692572543722486,4.4631445491709725,27.009814616383238
-1,56,16.9807091939947,215.0,207.0,62.0,0.0,0.0,12.661426418870402,11.025442866400287,14.471752312625586,12.19030357537755,10.586118090553805,13.968905122713306,3.6512020370696043,2.799355665485606,4.6806762289913735,28.502932031317556
-1,57,11.2113523959124,204.0,138.0,54.0,0.0,0.0,18.19584228521595,15.784443761949493,20.87145483847244,12.308952134116673,10.34102823494684,14.542378657472097,4.816546487263046,3.618337961380562,6.284548367188907,35.32134090659567
-1,58,11.682918241036532,187.0,172.0,50.0,0.0,0.0,16.006274814383104,13.79426286823705,18.472091438506336,14.722349027133122,12.604313676964596,17.094444797979737,4.279752624166606,3.176514888815083,5.6423202922704325,35.00837646568283
-1,59,5.061291890015127,182.0,121.0,64.0,0.0,0.0,35.95919855147023,30.924545409046377,41.57989465012457,23.906939696307134,19.837344643333996,28.56574230319723,12.644992897220302,9.73818535213707,16.147373632039375,72.51113114499766
-1,60,10.070717897026043,210.0,145.0,74.0,0.0,0.0,20.852535255904105,18.12741739124005,23.871696774484526,14.39817910526712,12.150062444140827,16.941672873049555,7.348036233032875,5.76978889067085,9.224786599307956,42.5987505942041
-1,61,17.096013039954414,210.0,169.0,70.0,0.0,0.0,12.283565736012093,10.678285417902858,14.062057824671689,9.885345758981162,8.451118346197585,11.49322836855409,4.094521912004032,3.191880702267585,5.1731821112529275,26.263433406997287
-1,62,10.873200449022988,155.0,143.0,67.0,0.0,0.0,14.255232461379624,12.09939546103006,16.68440753309724,13.151601561143782,11.084434218536304,15.492396860546526,6.16193919298345,4.775418237586724,7.8254449576933816,33.56877321550685
-1,63,4.517589437935385,105.0,114.0,80.0,0.0,0.0,23.24248394913611,19.01004916452226,28.136443918845078,25.234696859062062,20.815513108010855,30.31457937191905,17.708559199341796,14.041786103515692,22.039834813528838,66.18574000753996
-1,64,3.1204172370489687,131.0,102.0,54.0,0.0,0.0,41.98156529986641,35.10069697093907,49.817044016516924,32.687936340354,26.653105618799124,39.68092444157512,17.305378062540353,13.000332612862099,22.5797645126279,91.97487970276076
-1,65,4.722941146072117,100.0,92.0,62.0,0.0,0.0,21.173247115976885,17.227398930979767,25.75234160891007,19.479387346698733,15.703135498087347,23.889739361988916,13.127413211905667,10.064712435746864,16.828751283900207,53.78004767458128
-1,66,5.113406446995214,115.0,105.0,41.0,0.0,0.0,22.489900068002093,18.567719043112714,26.99571900842284,20.534256583828,16.794987492289703,24.857969572031323,8.01813828511379,5.753954467230878,10.877509961763261,51.04229493694388
-1,67,8.685879747004947,124.0,109.0,31.0,0.0,0.0,14.276043833413365,11.87407464933314,17.02122506823475,12.54910304711336,10.304119392919432,15.137953253701696,3.569010958353341,2.4249697892035367,5.065926168091548,30.394157838880066
-1,68,3.9117289620335214,97.0,92.0,33.0,0.0,0.0,24.797219066418734,20.108874192894103,30.250504337319626,23.519011898046635,18.95964303408883,28.843980269793857,8.436167311255858,5.807069404144257,11.8475154385638,56.75239827572123
-1,69,12.719804868924257,135.0,95.0,50.0,0.0,0.0,10.61337036150754,8.898619342344913,12.562208314608112,7.468668032171972,6.042598440413845,9.130059369643233,3.930877911669459,2.9175733527271026,5.182372476906693,22.01291630534897
-1,70,10.24954370703199,132.0,89.0,33.0,0.0,0.0,12.878622090214384,10.775436602362083,15.272402644096402,8.683313379008183,6.973413664582335,10.68556430649841,3.219655522553596,2.216262715885108,4.521593408823994,24.781590991776163
-1,71,9.623858082974039,127.0,102.0,25.0,0.0,0.0,13.196370821872456,11.001219774658834,15.701177609677222,10.59866003016528,8.641940630953906,12.866050137271413,2.5977107917071764,1.68110145726813,3.8347335735156354,26.392741643744912
-1,72,13.64764710903546,130.0,105.0,53.0,0.0,0.0,9.525451454114252,7.958489681837934,11.310700097460725,7.693633866784588,6.2926302705629995,9.313612877979754,3.8834532851388874,2.90897299843528,5.079652512652327,21.10253860603773
-1,73,11.53025270398939,127.0,94.0,32.0,0.0,0.0,11.014502739914699,9.182294661615916,13.10516854490288,8.152466594897493,6.588022860314936,9.976554433107253,2.7753077769863808,1.898308464975054,3.917906505534819,21.94227711179857
-1,74,5.373063939943677,104.0,79.0,26.0,0.0,0.0,19.35580911793322,15.815098658777774,23.452802423997635,14.70297038766081,11.640480116871734,18.3242880161422,4.838952279483305,3.1609642850768633,7.09018625293418,38.89773178507733
-1,75,5.5650658769809525,92.0,79.0,30.0,0.0,0.0,16.531700079336705,13.326883527656799,20.274662599840823,14.195698981169562,11.23886856727122,17.69207648950401,5.3907717650011,3.6371310724540042,7.695661891794393,36.11817082550736
-1,76,8.396424397018563,86.0,76.0,26.0,0.0,0.0,10.24245511345725,8.19264200944819,12.64934874178828,9.051471960729664,7.1315304045035885,11.329266895693014,3.096556197091727,2.0227733154635574,4.537172286890633,22.39048327127864
-1,77,7.17299263701716,84.0,58.0,29.0,0.0,0.0,11.710593367474978,9.340827898528026,14.498511434849938,8.085885896589865,6.139952166264072,10.452882574806859,4.042942948294932,2.707622344029666,5.806340469897092,23.839422212359775
-1,78,3.5262065450224327,79.0,75.0,27.0,0.0,0.0,22.40367913544821,17.73720375168692,27.92166876998675,21.269315634919188,16.729665987582177,26.661271326134038,7.656953628570908,5.045980689044288,11.140465523953642,51.329948398938306
-1,79,7.266481699982251,87.0,68.0,17.0,0.0,0.0,11.972781820975687,9.589707428285399,14.768382143284825,9.358036365820078,7.266881405997546,11.863540942549971,2.3395090914550196,1.3628502593808882,3.7457806872303965,23.670327278250785
-1,80,3.6297845460067037,83.0,71.0,19.0,0.0,0.0,22.866370978220235,18.212936845117362,28.34630719623876,19.560389631971525,15.276826586168571,24.672769959755957,5.234470464893788,3.151493158719731,8.174274036244901,47.661231075085546
-1,81,3.158281539028394,77.0,50.0,35.0,0.0,0.0,24.380347049012006,19.240588625021946,30.47125068201771,15.831394187670133,11.750365912241817,20.871719588563312,11.081975931369094,7.719002280594525,15.41234584933736,51.29371716805123
-1,82,8.570990124891978,95.0,87.0,22.0,0.0,0.0,11.083900298064725,8.967537232380003,13.549493341064743,10.150519220332958,8.130149786714162,12.520627957656915,2.5667979637623572,1.6085986182842995,3.8861629638786943,23.80121748216004
-1,83,6.110935689037433,96.0,86.0,19.0,0.0,0.0,15.709541858248796,12.72477934181024,19.18403939508557,14.073131248014546,11.256688458949451,17.38020260505749,3.1091801594450743,1.871929561439811,4.855369959924943,32.89185326570842
-1,84,5.712516894003784,73.0,64.0,38.0,0.0,0.0,12.778955643286654,10.016661304330007,16.06761815957629,11.203467961237614,8.628035498323168,14.306578470633553,6.652059101984833,4.707392931025324,9.130470839221129,30.6344827065091
-1,85,4.716360630001873,70.0,51.0,32.0,0.0,0.0,14.841952405995766,11.570030027140612,18.751913979912054,10.813422467225486,8.05130328599908,14.217653533541847,6.784892528455207,4.640861466794975,9.57824382470993,32.44026740167646
-1,86,5.061267685989151,75.0,69.0,35.0,0.0,0.0,14.8184219158411,11.655628858508454,18.575020188931042,13.632948162573811,10.607247410655905,17.25336842719851,6.915263560725847,4.816734445800269,9.61745759937413,35.36663363914076
-1,87,3.0084494889815687,57.0,55.0,19.0,0.0,0.0,18.946636866851918,14.349997738382912,24.54756567242976,18.281842590822023,13.772385783171218,23.79633104632722,6.315545622283972,3.802371024098259,9.862506809655585,43.54402507995791
-1,88,3.4150138040058664,67.0,48.0,14.0,0.0,0.0,19.61924719642653,15.204647098144303,24.915750421853986,14.055580081021994,10.363475187704525,18.635660010356414,4.099544190298081,2.2412589569396206,6.878338557308868,37.774371467746604
-1,89,2.9658857300528325,56.0,46.0,11.0,0.0,0.0,18.881374771981672,14.262787589553113,24.51903566975574,15.509700705556375,11.355050219137054,20.687767262528016,3.7088414730678285,1.8514403004794868,6.636141882968414,38.09991695060588
-1,90,2.0447759709786624,46.0,36.0,14.0,0.0,0.0,22.49635199790795,16.470157067061557,30.00698100008447,17.60584069401492,12.33091437652577,24.373904621630686,6.846715825450246,3.743163253545718,11.487625762050143,46.94890851737311
-1,91,5.871597987032146,66.0,44.0,39.0,0.0,0.0,11.240551574846545,8.693441773666482,14.30073765744124,7.493701049897697,5.444934654714687,10.059943887637338,6.642144112409323,4.723213774288775,9.0800296586349,25.376396737153566
-1,92,5.78984233194933,59.0,40.0,27.0,0.0,0.0,10.190260220805671,7.7572982222422455,13.144693240196132,6.9086509971563865,4.935641560409775,9.407621804037193,4.663339423080561,3.073170064334749,6.784914025791106,21.762250641042616
-1,93,2.0264044720170205,50.0,37.0,17.0,0.0,0.0,24.674244796860098,18.313700078110642,32.52991570765895,18.25894114967647,12.855979606665226,25.16754519948694,8.389243230932433,4.887043335307103,13.431991091499128,51.322429177469004
-1,94,3.576973251030722,80.0,46.0,25.0,0.0,0.0,22.3652776763001,17.734274242255303,27.83552405340123,12.860034663872558,9.415161659167415,17.153484078446915,6.989149273843781,4.523008899540236,10.317363063001947,42.214461614016436
-1,96,1.120194999020896,49.0,44.0,15.0,0.0,0.0,43.74238417670883,32.36085661917237,57.829751649971335,39.27887558724874,28.540091132426095,52.730057116784096,13.390525768380254,7.494575623102479,22.085635887599917,96.41178553233783
-1,97,1.4592035789974034,53.0,30.0,28.0,0.0,0.0,36.321182844422225,27.20705835962599,47.50900143545194,20.559160100616353,13.871178986093298,29.349479408646566,19.18854942724193,12.750651741576245,27.732796523890794,76.06889237228052
-1,98,3.898300250977627,58.0,55.0,18.0,0.0,0.0,14.878279318134767,11.29770126587987,19.233626174867176,14.108713146507107,10.628613576147105,18.364429460764548,4.617397029765963,2.736562115174221,7.297477986820994,33.60438949440783
-1,99,2.5922931749591953,37.0,45.0,26.0,0.0,0.0,14.273076964214285,10.049563382242095,19.673556461349555,17.359147659179534,12.66188142039572,23.22790534597099,10.029729758637064,6.551752471386143,14.695877939702822,41.661954382030885
-1,100,1.6982756969955517,31.0,45.0,23.0,0.0,0.0,18.253808880879955,12.40257751812898,25.909824642190593,26.497464504503164,19.32743243414643,35.455692266858435,13.543148524523838,8.58519441975084,20.321372410785568,58.29442190990696
-1,101,1.7165916820376879,59.0,34.0,4.0,0.0,0.0,34.37043335195693,26.164366342133633,44.33535485400591,19.80669040621247,13.716708889455818,27.677864568704095,2.3301988713191144,0.6349007658784617,5.966234592985079,56.50732262948852
-1,102,2.627190446961322,43.0,42.0,7.0,0.0,0.0,16.367294594015803,11.845092253574768,22.046638406962945,15.986659836015434,11.521778243175584,21.609319889296344,2.6644433060025725,1.0712443990404399,5.489771546019447,35.018397736033805
-1,103,3.8283499340104754,59.0,48.0,20.0,0.0,0.0,15.411339354287605,11.731825565288187,19.879504923639388,12.53803879670856,9.244560041147587,16.62362043154677,5.2241828319619,3.19106659421968,8.068326677315197,33.173560982958065
-1,104,1.5886027989909053,23.0,19.0,9.0,0.0,0.0,14.478131358329348,9.177893332622881,21.724305733790043,11.960195469924244,7.2008189659699955,18.677326761877026,5.665355748911484,2.590561404016445,10.754609939168928,32.103682577165074
-1,105,1.036371705995407,26.0,25.0,11.0,0.0,0.0,25.087523954571594,16.38800356797044,36.75903525997443,24.12261918708807,15.610887246569648,35.60974453860083,10.613952442318752,5.298446817363397,18.991292795279364,59.82409558397841
-1,113,1.1256767640152248,42.0,25.0,16.0,0.0,0.0,37.310888296377726,26.890406464913312,50.433481966873764,22.208862081177216,14.372404552547476,32.78466152742869,14.213671731953418,8.124341503701705,23.08211240399161,73.73342210950837
-1,114,1.087290256007691,29.0,15.0,5.0,0.0,0.0,26.671810806510962,17.86253029514003,38.30516939562456,13.79576421026429,7.721384502800076,22.75401507075665,4.598588070088097,1.4931490291097915,10.731570539559893,45.06616308686335
-1,118,3.8283445809793193,36.0,33.0,12.0,0.0,0.0,9.403542246134732,6.586125382387943,13.01846618950036,8.619913725623505,5.9335519810808135,12.105563720524364,3.1345140820449107,1.6196491662555785,5.475365292957723,21.157970053803147
-1,120,1.6799944000013056,31.0,20.0,12.0,0.0,0.0,18.45244246050815,12.537539398420307,26.1917691530487,11.904801587424611,7.271762087656036,18.38600051443659,7.1428809524547665,3.6908308198630886,12.477175547823643,37.50012500038753
-1,121,8.856045865984925,48.0,27.0,6.0,0.0,0.0,5.420026129760981,3.996299404841349,7.186168313170703,3.0487646979905514,2.0091551467801607,4.4357925692374645,0.6775032662201226,0.24863175810189497,1.474639384228875,9.146294093971655
-1,122,1.9879022400127724,44.0,41.0,9.0,0.0,0.0,22.133885215460744,16.082514881586388,29.71370779275757,20.624756678042967,14.800681480325833,27.979811303687423,4.527385612253334,2.0702089944583455,8.594388148236806,47.28602750575705
-1,123,1.643831589986803,35.0,29.0,5.0,0.0,0.0,21.291718819128537,14.830462287633418,29.611626680975185,17.641709878706504,11.814929981789593,25.33643816817084,3.0416741170183625,0.9876233064309551,7.098252734890163,41.9751028148534
-1,209,2.193787498996244,8.0,1.0,3.0,0.0,0.0,3.646661312301378,1.574369522266302,7.185376535970636,0.45583266403767225,0.011540683861073103,2.5397370499595677,1.3674979921130166,0.2820109619453441,3.9964094397263836,5.469991968452066
1,0,183.97648896096507,14033.0,0.0,1953.0,6402.0,34.79792464872147,76.27605070220375,75.0192019347995,77.54867631539435,0.0,0.0,0.02005081994415394,10.615486853944553,10.149855572409953,11.096970212513803,86.89153755614831
1,1,922.7302721869928,20701.0,8977.0,26298.0,146.0,0.15822608664822568,22.434508354143286,22.129925111612245,22.742235647017523,9.728736848226863,9.528513863345358,9.932107701723055,28.500202922431775,28.15677380007224,28.846775264223,60.663448124801924
1,2,792.3247924898242,13585.0,7603.0,7384.0,7.0,0.008834760777840863,17.14574645242402,16.858623786130316,17.43653264622085,9.595812313417726,9.381316560502983,9.813975156774445,9.319410511939562,9.10804395843761,9.53444436401351,36.06096927778131
1,3,979.7834939621098,13331.0,8229.0,5209.0,3.0,0.003061900938817016,13.606067138456547,13.376068666943121,13.839028288167896,8.398794275175074,8.218298469900525,8.582255115214144,5.316480663432612,5.173073729526923,5.46285545451194,27.321342077064234
1,4,1153.1233410780478,14709.0,9806.0,4336.0,0.0,0.0,12.75579070860594,12.550472540797209,12.963625846378344,8.503860472403959,8.336370115723868,8.673869369823025,3.7602222117421547,3.6491234559321093,3.8738438167794587,25.019873392752054
1,5,1187.3728724844696,14149.0,9556.0,3485.0,0.0,0.0,11.916223056700384,11.720675151651983,12.114215463271021,8.048019473448926,7.887457465010433,8.211027483833785,2.9350510532617737,2.8384055495921396,3.0341480752576375,22.899293583411083
1,6,1271.8667255028195,13841.0,9678.0,2705.0,0.0,0.0,10.882429520693767,10.701878527233832,11.065262691743824,7.609287833341109,7.4584338647413055,7.762425259079077,2.1267951631729387,2.0473949120519013,2.2084858246548027,20.618512517207815
1,7,1232.8681088764351,13054.0,9543.0,2228.0,0.0,0.0,10.588318333496892,10.407451238201968,10.771539997406611,7.74048734920797,7.585956136529342,7.89737430711384,1.8071681666179773,1.7328999978228596,1.8838007447165104,20.135973849322838
1,8,1205.2465715965227,12593.0,9420.0,1810.0,0.0,0.0,10.448484398772242,10.266782483345427,10.63259497299188,7.815828081984795,7.6587824673883675,7.975283484190987,1.5017673915490954,1.4333716469585285,1.572583606060929,19.766079872306133
1,9,1065.42615459214,11430.0,8608.0,1482.0,0.0,0.0,10.728101568311475,10.532317653783583,10.926610646044074,8.07939617673011,7.90960955843742,8.251909264945334,1.3909926967836925,1.3210669905268786,1.4636587782527268,20.198490441825278
1,10,949.1005441387897,10125.0,7738.0,1268.0,0.0,0.0,10.667995148171986,10.4612007071712,10.877849361322399,8.152982366079488,7.972326161803807,8.336699814539902,1.3360017627537855,1.263469504628916,1.4116124255982527,20.15697927700526
1,11,861.1109827391192,9275.0,7281.0,1115.0,0.0,0.0,10.770969347640918,10.55286862091174,10.992443003879004,8.455356099210082,8.262242584036807,8.651844059436753,1.2948389027083151,1.219942490158381,1.373130380096011,20.521164349559314
1,12,826.2206030926536,8545.0,6592.0,1046.0,1.0,0.0012103305052632034,10.342274167474072,10.12413819205103,10.563926021224532,7.978498690695036,7.787045664130828,8.173469367355985,1.2660057085053107,1.1904367856876532,1.345114208584685,19.58677856667442
1,13,702.0975764732284,7384.0,5908.0,925.0,0.0,0.0,10.51705667051474,10.278527203593685,10.759724723976214,8.414784779171328,8.201566063772622,8.632143990439658,1.317480690713182,1.2339349739094883,1.4051944529797622,20.24932214039925
1,14,692.1615580811485,6801.0,5240.0,730.0,0.0,0.0,9.82574071124975,9.593590537244902,10.062089570793582,7.570486888244184,7.366881168374998,7.778293675583328,1.0546670664920332,0.9795373692238883,1.1340304314745937,18.450894665985967
1,15,599.578114796961,6095.0,4759.0,577.0,0.0,0.0,10.165481110103542,9.911859467026554,10.423950888324619,7.937247678914316,7.713324436701338,8.166021802651404,0.9623433306857659,0.8854129722487085,1.0441685569156982,19.065072119703622
1,16,611.2423291709347,5785.0,4622.0,523.0,0.0,0.0,9.464331450746464,9.221998976212523,9.711420085485802,7.561649086490952,7.345206194655558,7.782850631951128,0.8556344595921177,0.7838654509530604,0.9322082464975701,17.881614996829533
1,17,524.7581112900007,5247.0,4035.0,465.0,0.0,0.0,9.998892608065498,9.73015395542588,10.273172496457548,7.689257037077241,7.453814649000464,7.93024426375987,0.8861225581761877,0.8074017000140422,0.9704449358284459,18.574272203318927
1,18,486.48680818818684,4746.0,3721.0,406.0,0.0,0.0,9.75566021548546,9.480062459438257,10.037236554532955,7.648717164311292,7.404912301510418,7.898504376084555,0.8345550036845968,0.7553408005787311,0.9198178534047419,18.238932383481348
1,19,468.3231633289615,4636.0,3418.0,387.0,0.0,0.0,9.899147347413097,9.616221531329078,10.1882839791538,7.298379127147965,7.055733427735215,7.5472406785773645,0.8263524640743892,0.7460632121930669,0.9129274363802471,18.023878938635452
1,20,394.19850863775355,4251.0,3270.0,355.0,0.0,0.0,10.783906856193695,10.462141873485425,11.113052140131247,8.295312966302843,8.013403547441639,8.584608006085498,0.9005614993998499,0.8093067947399898,0.9992893694370182,19.979781321896386
1,21,379.6654924990362,4013.0,3196.0,303.0,0.0,0.0,10.56983075703196,10.245307121095118,10.902018352775583,8.417936481304299,8.12859542178557,8.714946389005581,0.7980709492600758,0.7107306774503399,0.8931815478328891,19.785838187596333
1,22,355.40422900684644,3723.0,2736.0,277.0,0.0,0.0,10.475395890486944,10.141578882049954,10.817401686012037,7.698276432009744,7.412491976901286,7.992257160622602,0.7793942147904602,0.690303911990259,0.876792413560535,18.95306653728715
1,23,373.5563329890065,3684.0,2826.0,251.0,0.0,0.0,9.861966388101411,9.546051692466039,10.185672181612954,7.565124053413297,7.288749171345318,7.849296129371335,0.671920076930905,0.5913594227406151,0.7603927359034658,18.099010518445613
1,24,311.35771518091497,3283.0,2752.0,207.0,0.0,0.0,10.544142123128077,10.186512176021141,10.911122623687632,8.838708231144828,8.511533615595651,9.175238439570629,0.6648301612816059,0.5773417006369373,0.7618308591115877,20.04768051555451
1,25,293.2068963683705,3049.0,2354.0,216.0,0.0,0.0,10.398800429882757,10.032934007585492,10.774598432555084,8.028460548358153,7.707380314486309,8.35948067440658,0.736681171811963,0.6417074736815609,0.841751170625111,19.163942150052872
1,26,250.80915320701024,3049.0,2315.0,207.0,0.0,0.0,12.156653618950854,11.728939730540095,12.595977960252071,9.230125656894465,8.857922790175179,9.613949364856705,0.8253287304436951,0.7167194278615994,0.9457466468598865,22.212108006289014
1,27,227.56779858996742,2489.0,2020.0,161.0,0.0,0.0,10.937399822919105,10.511892374226457,11.375711775599404,8.876475549335714,8.493563376718896,9.27220166592727,0.7074814670510148,0.6024187537202681,0.8255979439697048,20.52135683930583
1,28,238.44486889301334,2466.0,1799.0,156.0,0.0,0.0,10.342013277318445,9.937815263926888,10.758432076421675,7.544720959406279,7.200071232603308,7.901605518201239,0.654239282750072,0.5556023240816399,0.7653395557821231,18.540973519474797
1,29,210.9481094447765,2224.0,1703.0,178.0,0.0,0.0,10.542877136247645,10.109217075546736,10.990355871987989,8.07307543301697,7.694160548288425,8.465822964867321,0.8438094110845688,0.72439835312404,0.977285193976431,19.45976198034918
1,30,192.91936160295882,2078.0,1620.0,158.0,0.0,0.0,10.771339811276514,10.313147162698618,11.244646217765116,8.397290901957629,7.993310476085651,8.816399758691762,0.818995038585991,0.6962702847890156,0.9571217081792377,19.987625751820133
1,31,197.96002711899928,2026.0,1595.0,167.0,0.0,0.0,10.234389383984652,9.793546776065815,10.68996228347179,8.05718216557528,7.666575276735135,8.462533222535248,0.8436046530727724,0.7205076728941279,0.9817008766138355,19.135176202632707
1,32,187.3979850430478,1765.0,1311.0,130.0,0.0,0.0,9.418457725650338,8.984138168392432,9.868346035521558,6.995806276672857,6.622194975681592,7.38500613479327,0.6937107673283535,0.5795935248379207,0.823725204146765,17.10797476965155
1,33,178.83399183514848,1645.0,1164.0,126.0,0.0,0.0,9.198474982968465,8.759285303295888,9.653983611877294,6.5088297143922755,6.140237438421245,6.893766247023277,0.7045640412486484,0.5869206622011969,0.8388732535027713,16.41186873860939
1,34,161.90891097094573,1688.0,1155.0,105.0,0.0,0.0,10.42561518002495,9.934139043907164,10.93511426051779,7.133640718559726,6.728117681745414,7.5572172360613825,0.6485127925963388,0.5304192141449775,0.7850642753791686,18.207768691181016
1,35,148.42689359490032,1622.0,1211.0,96.0,0.0,0.0,10.92793873613568,10.402533082018738,11.47300762139502,8.158898772786873,7.705789627796512,8.631696738640748,0.646783057132568,0.5238963528215088,0.7898328137169636,19.73362056605512
1,36,130.87130611400062,1504.0,1063.0,94.0,0.0,0.0,11.492205928546946,10.918675454419795,12.088044439842818,8.122483312530187,7.641478883215756,8.625832063704955,0.7182628705341841,0.5804295124320138,0.878971847569313,20.332952111611316
1,37,136.33630069799256,1536.0,1127.0,100.0,0.0,0.0,11.266258451609993,10.709817571848827,11.844111232011725,8.266323746721655,7.790695574667984,8.763394280849571,0.7334803679433589,0.5967889024006734,0.8921086546263994,20.266062566275007
1,38,125.79496506004944,1552.0,1147.0,91.0,0.0,0.0,12.337536715075503,11.731295020293324,12.966983560025605,9.118011992391496,8.597906188472054,9.66135496574857,0.7233993821339374,0.5824360574515531,0.888174140063661,22.178948089600937
1,39,121.87356204902608,1327.0,1094.0,80.0,0.0,0.0,10.888333594994029,10.310310213163682,11.49032527475738,8.976516166483398,8.452408774126182,9.524614040786883,0.6564180012053672,0.52049865060539,0.8169690234161342,20.521267762682793
1,40,115.30528371798573,1282.0,1013.0,71.0,0.0,0.0,11.118310962535961,10.517951113398594,11.744008472267137,8.78537363888372,8.252626312676234,9.343488031396316,0.6157566913728965,0.4809110846136316,0.7766932808225788,20.51944129279258
1,41,80.81692453486176,1167.0,922.0,81.0,0.0,0.0,14.440044665354652,13.623347535742619,15.29290837828163,11.40850144083718,10.683894641559448,12.169318805007222,1.0022653109629194,0.7959433294989762,1.2457242682713188,26.850811417154752
1,42,104.83289596689428,998.0,902.0,84.0,0.0,0.0,9.519912531226492,8.938368301242493,10.129360074815848,8.604169442050395,8.051753017453555,9.184504382509742,0.8012752030290834,0.6391284827326034,0.9920332240247344,18.925357176305972
1,43,65.30366825409146,860.0,744.0,70.0,0.0,0.0,13.169244898369373,12.303681109151853,14.079638609359755,11.39292814463583,10.588879502481392,12.241844754824024,1.0719152824254141,0.8356105494047283,1.3543004734117348,25.634088325430618
1,44,80.72394623311266,940.0,694.0,52.0,0.0,0.0,11.644623979178258,10.91202017834692,12.413476243038453,8.597201108031607,7.969388947995956,9.261325920206252,0.644170688209861,0.4810974811403709,0.844744154899865,20.885995775419726
1,45,89.11734520812024,875.0,658.0,32.0,0.0,0.0,9.818515104512688,9.178643828402988,10.491233785775451,7.383523358593541,6.83007009041298,7.969880358183222,0.3590771238221783,0.24560848687950104,0.5069097600912851,17.56111558692841
1,46,71.93895616989175,765.0,636.0,32.0,0.0,0.0,10.634015848011034,9.893712560878113,11.415041878983752,8.84082886187584,8.1669999498023,9.555427627099451,0.44482157795601707,0.30425763003279754,0.6279553455395716,19.91966628784289
1,47,81.06371020795632,731.0,593.0,42.0,0.0,0.0,9.017598603921945,8.37565721292084,9.695688815255437,7.315233887996872,6.7382291522323,7.928436180914587,0.5181110004989352,0.37340883676339226,0.7003355586963814,16.850943492417752
1,48,62.305417719973775,645.0,490.0,47.0,0.0,0.0,10.352229767544387,9.568620615921233,11.18290820975769,7.864484629607364,7.183470446775351,8.592658185179575,0.7543485256970328,0.5542669230190387,1.003123622756979,18.971062922848784
1,49,57.39036426693201,645.0,493.0,49.0,0.0,0.0,11.238820457733969,10.388101070521325,12.140640266584674,8.59029222583387,7.848643222029251,9.383137129420897,0.8538018642309526,0.6316473194040423,1.1287713437679727,20.68291454779879
1,50,48.92295541118074,697.0,484.0,47.0,0.0,0.0,14.246890731394965,13.208708006503906,15.344988506629672,9.893106332848154,9.031253610332074,10.815023992946204,0.9606942100079818,0.7058819704742014,1.2775196391010213,25.1006912742511
1,51,71.2824333219105,546.0,493.0,40.0,0.0,0.0,7.659671177809986,7.030576579099965,8.329953811975246,6.916149982894365,6.319039243221125,7.55447917149761,0.5611480716344311,0.40089240939261267,0.7641244052094069,15.136969232338782
1,52,52.140427564954734,518.0,392.0,34.0,0.0,0.0,9.934709479600903,9.097481046999219,10.828268241790838,7.518158525103385,6.79224105859174,8.30052805339085,0.6520851781977426,0.4515879421057584,0.9112236764076166,18.10495318290203
1,53,46.638337520038476,524.0,394.0,32.0,0.0,0.0,11.23539190853147,10.293868337674162,12.239886066273684,8.447985519010304,7.634308672059239,9.324771621715206,0.686130803574441,0.4693129617212502,0.9686119720714951,20.369508231116217
1,54,47.24943928895664,608.0,470.0,25.0,0.0,0.0,12.867877569546199,11.865239106621292,13.932608088523374,9.947207989616304,9.068127291361014,10.888494796991973,0.5291068079583141,0.34241002837912377,0.7810660243359959,23.34419236712082
1,55,43.28062941397366,529.0,474.0,25.0,0.0,0.0,12.222557924012218,11.203056258904446,13.309910804969473,10.951781580305845,9.987920087677942,11.983549092838565,0.5776256107756247,0.3738088393558771,0.8526893484967475,23.751965115093686
1,56,36.73755119313864,446.0,372.0,20.0,0.0,0.0,12.140166818829721,11.039473531733693,13.320897754434734,10.125879050683086,9.12291248259062,11.209001408597477,0.5444020994990907,0.3325349455432834,0.8407848890168683,22.8104479690119
1,57,32.726912511949195,454.0,390.0,33.0,0.0,0.0,13.872374909617163,12.625498252981794,15.209085349744987,11.916797829847342,10.763297449026856,13.160241294988555,1.0083444317563135,0.6940979099215645,1.4160904806479424,26.797517171220818
1,58,23.986965211945062,420.0,360.0,21.0,0.0,0.0,17.509509697827376,15.87479138208226,19.266868849235404,15.008151169566323,13.497677464608822,16.641422985109976,0.8754754848913688,0.5419331236451189,1.3382572764543719,33.39313635228507
1,59,33.162578058982035,431.0,353.0,15.0,0.0,0.0,12.996577022251872,11.798400102176961,14.283443557276621,10.644528280405826,9.562939487173923,11.814953816119598,0.4523170657396243,0.25315842808877864,0.7460282137137707,24.09342236839732
1,60,22.13943490805832,383.0,365.0,19.0,0.0,0.0,17.29944786714477,15.610087038370224,19.121784263756915,16.486418985660162,14.838269547062296,18.26759822786335,0.8581971526782002,0.5166907471609888,1.3401811606666607,34.64406400548313
1,61,19.53585503789509,313.0,210.0,25.0,0.0,0.0,16.021822407714,14.295834280237575,17.898775725875325,10.749465513162749,9.344669398636775,12.305840899865874,1.2796982753765176,0.8281532503413025,1.8890870978487115,28.050986196253266
1,62,15.730691273056436,282.0,223.0,18.0,0.0,0.0,17.926739207132634,15.895280600241424,20.145865768339043,14.176109373016233,12.376433108133128,16.163906564234413,1.1442599493914447,0.678160965416161,1.8084240402234182,33.24710852954031
1,63,18.931879458039475,320.0,223.0,20.0,0.0,0.0,16.902706395804305,15.101281720957326,18.859880812044256,11.779073519576126,10.283704199426484,13.430754431543019,1.056419149737769,0.645288261658362,1.6315536960361194,29.738199065118202
1,64,20.75488310100627,294.0,235.0,19.0,0.0,0.0,14.165341166664813,12.592244446636837,15.880619608318922,11.322636646823916,9.921154012246372,12.86662114406556,0.9154472182538484,0.5511590264660231,1.4295842297539627,26.40342503174258
1,65,15.095814059022814,270.0,161.0,26.0,0.0,0.0,17.885752894433683,15.815766036487002,20.15138376731211,10.665208207421568,9.08139892803551,12.44580159075905,1.7223317602047252,1.1250842882133218,2.5236150852265506,30.273292862059975
1,66,15.654209816857474,247.0,196.0,24.0,0.0,0.0,15.77850321988238,13.871959060173864,17.873882754942613,12.520593648165775,10.829009031325862,14.401491701885643,1.5331339161019315,0.9823078286664609,2.2811817403455428,29.832230784150084
1,67,15.22214493699721,243.0,194.0,16.0,0.0,0.0,15.963584698854882,14.019382984123821,18.10201460089714,12.744590253406779,11.014216192143207,14.669674331924778,1.051100227085095,0.6007945983626655,1.7069209171967374,29.75927517934676
1,68,12.85074507700483,232.0,185.0,17.0,0.0,0.0,18.05342792264564,15.804909039719858,20.532129034913467,14.396052438316566,12.396247844026096,16.626626279039996,1.3228804943317924,0.7706266376202558,2.118059820874648,33.772360855294
1,69,12.05297960399912,190.0,135.0,15.0,0.0,0.0,15.763736954882004,13.601866290325587,18.1715737070076,11.200549941626688,9.390931151987258,13.25720641156448,1.244505549069632,0.6965403085887379,2.052622644717425,28.208792445578325
1,70,15.39337207411154,202.0,143.0,17.0,0.0,0.0,13.122530854673624,11.37519313047056,15.062323357433847,9.289712436724397,7.829556418300957,10.94314719929612,1.1043714085616416,0.6433370428473105,1.7682056072485075,23.516614699959664
1,71,12.193373226968106,149.0,112.0,14.0,0.0,0.0,12.21975225612355,10.336463236276668,14.34691050283351,9.185317132119716,7.5631617121826675,11.052323322152985,1.1481646415149644,0.6277122937049432,1.9264251724767631,22.55323402975823
1,72,13.014066586991248,152.0,102.0,8.0,0.0,0.0,11.679669762250787,9.896720110739142,13.691050154199548,7.83767312993145,6.390685773570757,9.514400420641708,0.6147194611710941,0.26539223183327826,1.2112423979719042,20.132062353353334
1,73,11.444983328008675,160.0,134.0,19.0,0.0,0.0,13.979924252789504,11.897658466086035,16.321766757757175,11.708186561711209,9.809822321516803,13.866738651577688,1.6601160050187536,0.9994982811702406,2.592476784039846,27.348226819519468
1,74,13.333640935983567,150.0,94.0,25.0,0.0,0.0,11.24974046625136,9.52149243487033,13.200982907980974,7.049837358850852,5.696986199327771,8.627215498086068,1.8749567443752269,1.213373145827546,2.767806023479666,20.17453456947744
1,75,19.024248402995,163.0,107.0,22.0,0.0,0.0,8.568012598823026,7.3031553597231635,9.988994415496304,5.624400908429839,4.609332276340065,6.796512773695112,1.1564188783687521,0.7247215543116579,1.750832079225873,15.348832385621618
1,76,12.229159651054943,144.0,82.0,15.0,0.0,0.0,11.77513452345664,9.930479661976559,13.863055008274126,6.705284936968364,5.332912099342692,8.323026605289908,1.2265765128600665,0.6865055631242076,2.023051426052129,19.70699597328507
1,77,4.824101993988734,122.0,94.0,22.0,0.0,0.0,25.28968088817836,21.00155147791896,30.19591418945593,19.48549183187513,15.746260857201024,23.845307141551473,4.5604342585239666,2.857999870112574,6.904552272864531,49.33560697857746
1,78,11.532474878957146,144.0,92.0,15.0,0.0,0.0,12.486478532266403,10.530386796632426,14.700531735549863,7.977472395614647,6.430968681456946,9.783661719268277,1.3006748471110838,0.7279778383130965,2.1452653598776408,21.764625774992137
1,79,10.056332772983296,115.0,104.0,18.0,0.0,0.0,11.435580205634372,9.441244279039735,13.726682154929307,10.341742099008476,8.44995270427211,12.530751501535923,1.789916901751467,1.060818194984492,2.828840384434565,23.567239206394316
1,80,11.201312471072015,132.0,73.0,23.0,0.0,0.0,11.784333339588287,9.859854253998195,13.974715803734373,6.517093437802613,5.108360923800111,8.194266557604314,2.0533308091706863,1.3016355962480624,3.0810043897945247,20.354757586561586
1,81,15.286467721016379,133.0,113.0,23.0,0.0,0.0,8.700505730120168,7.28475163042836,10.31108276324013,7.3921590037863085,6.092185268750089,8.887413868952807,1.504598735283939,0.9537865321888286,2.25763685402519,17.597263469190416
1,82,7.557537282023986,96.0,53.0,16.0,0.0,0.0,12.702550634892827,10.289106796727497,15.511988446047392,7.0128664963470815,5.253118238237156,9.173002043152108,2.117091772482138,1.2101008718004356,3.4380244023887157,21.832508903722047
1,83,13.284212275997561,85.0,79.0,19.0,0.0,0.0,6.3985728497866114,5.110952730518303,7.911934417730187,5.946908883919321,4.708223766689104,7.411622843649733,1.430269225246419,0.8611155051350394,2.2335425658016663,13.77575095895235
1,84,9.597792356034915,95.0,79.0,7.0,0.0,0.0,9.898109531434669,8.00816169095402,12.099925619930033,8.231059505087776,6.516607323794382,10.258356037757727,0.7293343865267651,0.2932302499491194,1.502707583857413,18.85850342304921
1,85,13.402856681947014,93.0,79.0,11.0,0.0,0.0,6.938819253754045,5.600522672480375,8.500522368398704,5.894265817705049,4.666545755416452,7.346013876078613,0.8207205568956397,0.4097007449638076,1.4684957826798737,13.653805628354734
1,86,14.192286420038727,99.0,84.0,16.0,0.0,0.0,6.9756202115691135,5.66943989663195,8.492567313394636,5.918708058301066,4.720993345031658,7.327763313954026,1.1273729634859173,0.644391057435872,1.83078306261311,14.021701233356097
1,87,15.36774551095732,110.0,80.0,16.0,0.0,0.0,7.15784888040794,5.882881261141076,8.627143580188386,5.20570827666032,4.1278029067933675,6.478954567307643,1.041141655332064,0.5951024141518216,1.6907488205758532,13.404698812400325
1,88,8.768149550938688,97.0,59.0,16.0,0.0,0.0,11.062767512857432,8.971159207225337,13.495638189673173,6.728899827408129,5.122350316650923,8.679790521413741,1.8247863938733908,1.0430230917608434,2.9633387805046394,19.616453734138954
1,89,10.995783703045163,107.0,81.0,8.0,0.0,0.0,9.731002617882298,7.974791480551882,11.758920580176248,7.3664599256866,5.850032497122607,9.155837082558111,0.7275515975986766,0.3141051397538859,1.4335666875502353,17.825014141167575
1,90,5.20609186704678,115.0,80.0,7.0,0.0,0.0,22.089506473737117,18.23715306716373,26.51510713683305,15.366613199121472,12.184768577081345,19.125080292507217,1.344578654923129,0.5405903551825619,2.7703459197472475,38.80069832778172
1,91,5.660446136971586,112.0,69.0,9.0,0.0,0.0,19.786426244472928,16.292082161194728,23.808212291237613,12.189851882755644,9.484432367652138,15.427037724938891,1.5899806803594316,0.7270404130336117,3.018278601721624,33.56625880758801
1,92,8.951847281008668,104.0,102.0,17.0,0.0,0.0,11.617713834398836,9.492514074765992,14.076804824669276,11.394296260660397,9.290686892104384,13.831898235374826,1.8990493767767327,1.1062662441322875,3.0405620160266738,24.911059471835966
1,93,11.506510175058793,101.0,71.0,10.0,0.0,0.0,8.777639654716939,7.149531660029893,10.66562787836786,6.170419955296065,4.8191491782360245,7.7831451712632775,0.869073233140291,0.4167543958312218,1.5982566184037474,15.817132843153296
1,94,14.341894511031569,95.0,81.0,19.0,0.0,0.0,6.623950547602162,5.359171551862278,8.09743604892841,5.647789414271317,4.485160028521128,7.019686562517308,1.3247901095204324,0.7976101871037916,2.0688238606666096,13.59653007139391
1,95,9.548442827988765,102.0,66.0,9.0,0.0,0.0,10.682370082482313,8.710196174605546,12.967668429304483,6.912121818076791,5.345834513353107,8.793913725531876,0.9425620661013806,0.4309993966047734,1.7892764044561833,18.537053966660483
1,96,8.976066466981138,97.0,71.0,18.0,0.0,0.0,10.806515343532586,8.763355960385137,13.183032274516078,7.909923601967151,6.177715958151623,9.977292329166618,2.005332744160686,1.188487275539016,3.1692902868059574,20.721771689660425
1,97,13.001818888988055,105.0,94.0,12.0,0.0,0.0,8.075793156058356,6.6051987074680945,9.776239997966071,7.229757682566529,5.842380135246014,8.847392408016024,0.9229477892638122,0.47690059072994934,1.6122040483066908,16.228498627888698
1,98,4.000468407044536,69.0,55.0,7.0,0.0,0.0,17.24798023113893,13.419958138478844,21.828422876999642,13.748390039313637,10.35716890014105,17.89541940886083,1.7497950959126447,0.7035083808096011,3.6052466596924213,32.74616536636521
1,99,10.655589960959333,87.0,62.0,18.0,0.0,0.0,8.164728590228833,6.539612897186411,10.071162551835116,5.818542213726295,4.461042951196008,7.459108521156954,1.6892541910818275,1.0011590929723695,2.6697499032673746,15.672524995036955
1,100,7.270913489031955,86.0,58.0,21.0,0.0,0.0,11.827949834601869,9.460833132994475,14.607421824253864,7.976989423336144,6.057262508581085,10.312108630889124,2.8882203084492932,1.7878538925934755,4.4149515440345635,22.693159566387305
1,101,3.575746428970888,90.0,68.0,11.0,0.0,0.0,25.16956998707045,20.23930655282357,30.937674689014447,19.017008434675454,14.767451160629369,24.108589596169992,3.0762807761974997,1.5356682797043897,5.5043160649863285,47.2628591979434
1,102,5.255995631960104,88.0,60.0,16.0,0.0,0.0,16.742784081649322,13.428202421236817,20.62757826189861,11.415534601124538,8.711255517716687,14.694055858231648,3.0441425602998766,1.7399904973343667,4.943496801931547,31.202461243073735
1,103,8.869921118021011,101.0,75.0,14.0,0.0,0.0,11.386797994719297,9.274733979978565,13.835991783116532,8.455543065385617,6.650821006919321,10.599096451695193,1.5783680388719818,0.8629084942762468,2.6482333731369647,21.420709098976896
1,104,7.084654279024107,90.0,66.0,5.0,0.0,0.0,12.70351331983376,10.215124871424896,15.614774614682366,9.315909767878091,7.204923939587426,11.852121378895738,0.7057507399907645,0.22915534423820205,1.6469867998879901,22.725173827702616
1,105,6.4613385740158265,95.0,73.0,11.0,0.0,0.0,14.702835784219857,11.895472150681618,17.973454307220624,11.297968549979469,8.855803834922053,14.205499236969208,1.7024336171201941,0.849848727834733,3.046124001681783,27.703237951319522
1,106,2.1708097890223144,55.0,49.0,5.0,0.0,0.0,25.336167304078174,19.086668569934556,32.978504306543584,22.57222177999692,16.699053934686543,29.841674254700166,2.3032879367343795,0.7478713235624405,5.375105704022937,50.211677020809475
1,107,7.401704114978202,96.0,63.0,6.0,0.0,0.0,12.969986169229992,10.50573043816187,15.838573006734373,8.511553423557183,6.540511352989935,10.889974259276086,0.8106241355768745,0.2974847709779514,1.7643874734321427,22.29216372836405
1,108,10.65103151495714,100.0,61.0,16.0,0.0,0.0,9.388762004841594,7.6390714961893105,11.419250203290364,5.727144822953373,4.38081198947333,7.356757118294133,1.502201920774655,0.858638193004945,2.439481806158707,16.61810874856962
1,109,3.9886618869786616,59.0,70.0,8.0,0.0,0.0,14.791928138258774,11.260301048659358,19.0805095841865,17.549745248781594,13.680887388848111,22.173047337193886,2.005685171289325,0.8659124976283001,3.951999358896184,34.347358558329695
1,110,5.1477270220566425,60.0,46.0,6.0,0.0,0.0,11.65562970664838,8.894473377050696,15.00310585151955,8.935982775097091,6.542262490740385,11.919348762606328,1.165562970664838,0.42774106786477195,2.536939889501193,21.75717545241031
1,111,6.333153916915762,65.0,52.0,7.0,0.0,0.0,10.263448647029712,7.921112985307779,13.081607821749952,8.21075891762377,6.132187486669257,10.767317932813144,1.1052944696801228,0.4443857023595689,2.2773290450402004,19.579502034333604
1,112,5.6929812819944345,35.0,45.0,11.0,0.0,0.0,6.147921144707922,4.282252337562419,8.550270053238279,7.9044700431959,5.765574689670401,10.576802823399422,1.9322037883367755,0.9645491694490708,3.4572463070538504,15.984594976240599
1,113,1.3289840520374128,49.0,27.0,5.0,0.0,0.0,36.87026937974165,27.27682826084706,48.74445144289409,20.316270882714786,13.388550528117152,29.559107488865646,3.762272385687923,1.2215996028165408,8.779888713814445,60.948812648144354
1,114,3.088889880986244,43.0,34.0,5.0,0.0,0.0,13.920858838214924,10.074594566650973,18.75130549875422,11.007190709286219,7.622799546694856,15.38144573805047,1.6187045160715028,0.5255889502930617,3.777516366364319,26.546754063572646
1,115,2.3992031260277145,41.0,28.0,5.0,0.0,0.0,17.089007410507346,12.263366760933192,23.183168178771542,11.670541646200139,7.754990169032735,16.867182067351443,2.0840252939643102,0.6766773402827196,4.863419838336724,30.843574350671794
1,116,3.0992095779802185,49.0,27.0,12.0,0.0,0.0,15.810482888328488,11.696682278729238,20.902296847939006,8.711898734385086,5.741196161171113,12.675355266152586,3.871954993060038,2.0006956460050644,6.763526157478446,28.39433661577361
1,117,2.412027966005553,52.0,20.0,1.0,0.0,0.0,21.558622343054658,16.101010331474665,28.271264969535554,8.291777824251792,5.064833309389506,12.805978346025313,0.4145888912125896,0.010496481940139989,2.3099414556813107,30.264989058519042
1,118,5.366281019996677,71.0,35.0,9.0,0.0,0.0,13.230764422405139,10.33333678349431,16.688809023116733,6.522207813861689,4.54295671651852,9.070812204522456,1.6771391521358627,0.7668948163622042,3.1837325305467785,21.43011138840269
1,119,5.001453054988815,50.0,55.0,6.0,0.0,0.0,9.997094734324527,7.420036403309769,13.179923102264175,10.996804207756979,8.284297886213217,14.313852232312808,1.1996513681189431,0.4402509089422564,2.6111359796713898,22.19355031020045
1,120,7.521197322959779,56.0,44.0,3.0,0.0,0.0,7.445623029866554,5.62434362059569,9.668760821577216,5.850132380609435,4.250715143524935,7.853529663421067,0.39887266231427965,0.08225713225299856,1.1656751835214691,13.694628072790268
1,121,5.182038391008973,68.0,26.0,11.0,0.0,0.0,13.122249367735773,10.189940090802972,16.63557786557515,5.017330640604855,3.277486952830051,7.3515518814416785,2.1227168094866693,1.0596525831927843,3.7981267270136425,20.262296817827295
1,122,5.010601417030557,76.0,40.0,13.0,0.0,0.0,15.167839880794197,11.950532659199226,18.984813407829574,7.98307362147063,5.703224835378018,10.870680469384439,2.5944989269779546,1.3814614085001344,4.436672181227562,25.745412429242784
1,123,3.7570610269831377,65.0,54.0,15.0,0.0,0.0,17.30075703672932,13.352359029822972,22.051235053372853,14.372936615128973,10.797392345026399,18.753564524952,3.992482393091381,2.2345620878893944,6.58499254970896,35.66617604494967
1,124,2.2537308739847504,60.0,41.0,7.0,0.0,0.0,26.6225220999506,20.315789022783328,34.268463150656515,18.192056768299576,13.05493402432502,24.679579184799895,3.1059609116609033,1.2487573756062007,6.399466559288909,47.92053977991108
1,125,2.403398205002304,59.0,48.0,9.0,0.0,0.0,24.548574546323852,18.687512346149223,31.6658725982958,19.971721664805845,14.725570964404257,26.47960543936008,3.744697812151096,1.7123142926597918,7.108602900617873,48.26499402328079
1,126,4.617696716020873,57.0,32.0,10.0,0.0,0.0,12.343816301802862,9.349085922673142,15.99284577238333,6.929861783468274,4.740020329907181,9.782897157946712,2.1655818073338358,1.038480651943872,3.9825820474985583,21.439259892604973
1,127,3.192746212000202,42.0,32.0,15.0,0.0,0.0,13.15481945985544,9.480836785180651,17.781494365292527,10.022719588461287,6.855532778965264,14.149089554825416,4.698149807091228,2.629518782679486,7.748883634564403,27.875688855407958
1,128,2.3067210190129117,56.0,32.0,4.0,0.0,0.0,24.2768846073824,18.338497735080217,31.525553982554616,13.8725054899328,9.488783485681694,19.58383857738958,1.7340631862416,0.4724738555912142,4.439890472661605,39.8834532835568
1,129,2.1836550909793004,63.0,28.0,10.0,0.0,0.0,28.850710105388707,22.169677800982967,36.912591013053245,12.822537824617203,8.520483263459624,18.53213729148025,4.579477794506144,2.196037604996425,8.42182271274823,46.252725724512054
1,130,4.8212284600158455,62.0,46.0,12.0,0.0,0.0,12.859792999686272,9.859529553597705,16.48567424981247,9.541136741702719,6.985311251742919,12.726539349762392,2.4889921934876655,1.2860985867286276,4.347768462336682,24.889921934876657
1,131,3.7434798819958814,57.0,42.0,3.0,0.0,0.0,15.226474242359162,11.532382896073551,19.72766349250119,11.219507336475171,8.086034034284413,15.165514592861143,0.8013933811767979,0.16526658146904444,2.342011536353695,27.24737496001113
1,132,1.7583090470070601,36.0,34.0,12.0,0.0,0.0,20.474216441801342,14.339889486568731,28.344945715925714,19.336759972812377,13.39126840338536,27.021183890326824,6.824738813933781,3.5264421344340153,11.921445256655598,46.635715228547504
1,133,3.9616318810149096,59.0,36.0,7.0,0.0,0.0,14.892852685970686,11.33712949048342,19.21069489754779,9.087164350761775,6.36453819400701,12.580465824721745,1.766948623759234,0.7104049886631236,3.6405894830408894,25.746965660491696
1,134,3.291923951008357,52.0,31.0,3.0,0.0,0.0,15.796233683974307,11.797382861340177,20.71465889118888,9.416985465446222,6.398384741752614,13.366659181106048,0.9113211740754409,0.18793633513498825,2.6632671957858562,26.12454032349597
1,135,3.6156983889450203,54.0,43.0,6.0,0.0,0.0,14.934874038471994,11.219537032341112,19.486770967715827,11.89258488248696,8.606722647860876,16.019233791036314,1.6594304487191105,0.6089817281837255,3.6118814728706243,28.486889369678064
1,136,1.3828401200080407,27.0,39.0,8.0,0.0,0.0,19.525033739867922,12.8671202652562,28.407898987580484,28.202826513142554,20.05496665028436,38.55419227026972,5.785195182183088,2.4976366586242946,11.399140791562845,53.513055435193564
1,137,1.3572650460118894,32.0,42.0,1.0,0.0,0.0,23.5768246548653,16.1265306106563,33.28344173612849,30.944582359510708,22.30213311793527,41.828085785680315,0.7367757704645407,0.018653547484098473,4.105051852112672,55.25818278484055
1,140,2.8689144989984925,27.0,19.0,0.0,0.0,0.0,9.411225050249985,6.202056609904611,13.692838339684078,6.6227139242499895,3.9873064074792217,10.342188162785389,0.0,0.0,1.2858101750336877,16.033938974499975
1,142,2.002263843001856,26.0,12.0,2.0,0.0,0.0,12.985301657857436,8.48243016271687,19.02647556478385,5.993216149780355,3.096782239960006,10.468942502977372,0.9988693582967257,0.1209677133163616,3.60825956727685,19.977387165934516
1,143,2.160360469017178,32.0,27.0,2.0,0.0,0.0,14.812342874686047,10.131631561117278,20.910608543014064,12.497914300516351,8.23620427560383,18.183809141366833,0.925771429667878,0.11211521503823585,3.344204715526348,28.236028604870278
1,145,2.666979204979725,46.0,22.0,5.0,0.0,0.0,17.247978504710424,12.627688039745289,23.00638625003919,8.249033197904986,5.169625187360403,12.489135395181473,1.8747802722511333,0.6087360512924443,4.375111758477837,27.371791974866547
1,146,1.5095113869538181,35.0,13.0,6.0,0.0,0.0,23.186310684697595,16.15011493998462,32.24654533233559,8.61205825431625,4.585558314318018,14.726881897207567,3.9747961173767306,1.4586801216082614,8.65145777328159,35.773165056390575
1,147,1.404870350001147,39.0,31.0,3.0,0.0,0.0,27.76056879552491,19.74047817965112,37.94961141132299,22.066093145160824,14.992839715867486,31.32105784936868,2.1354283688865316,0.4403766674235072,6.2406278769675545,51.96209030957227
1,148,1.6821308540456812,44.0,30.0,10.0,0.0,0.0,26.157299174541567,19.005933623565838,35.11495323817635,17.83452216446016,12.032877212102571,25.4598893372683,5.94484072148672,2.8507821996125196,10.932773748122663,49.93666206048845
1,149,1.7719989530014573,28.0,17.0,4.0,0.0,0.0,15.801363738151696,10.499891449903261,22.837370120745728,9.59368512673496,5.588675124685102,15.360419242800889,2.257337676878814,0.6150485426530772,5.779680997021036,27.65238654176547
1,150,1.6618872309918515,33.0,18.0,4.0,0.0,0.0,19.85694298902872,13.668605877170503,27.886530689275467,10.831059812197484,6.419172481416002,17.117744054480596,2.4069021804883297,0.6557998360549824,6.162625528623435,33.094904981714535
1,152,1.3292073700285982,29.0,28.0,1.0,0.0,0.0,21.817513695681704,14.611531334745814,31.33358900777876,21.06518563720992,13.997662874422087,30.44505835263125,0.7523280584717829,0.019047297325582205,4.191703654802202,43.63502739136341
1,153,2.3135106089976034,32.0,16.0,4.0,0.0,0.0,13.831793066151075,9.460936217953275,19.52636478247819,6.9158965330755375,3.9530324252993276,11.230982687742612,1.7289741332688844,0.47108725993633593,4.426860475838131,22.476663732495496
1,154,1.7529210449865786,38.0,30.0,2.0,0.0,0.0,21.678101309058647,15.340714701386931,29.754887744906362,17.114290507151562,11.546939937375155,24.431713862580484,1.1409527004767708,0.1381746652176336,4.121513452295437,39.93334451668698
1,155,3.0024026399842114,38.0,27.0,1.0,0.0,0.0,12.656530304742814,8.956514122082426,17.372076691064287,8.992797848106736,5.926310447108567,13.084048728843602,0.33306658696691616,0.008432515894811168,1.855728248016794,21.982394739816467
1,156,1.7757978699883097,28.0,20.0,2.0,0.0,0.0,15.767560302448345,10.477429312368765,22.788514744380564,11.26254307317739,6.879453901746356,17.394084329472662,1.126254307317739,0.13639462161623128,4.068417802399729,28.156357682943476
1,157,2.186043469046126,33.0,23.0,3.0,0.0,0.0,15.095765691429483,10.391230501304605,21.200067576602898,10.521291239481155,6.669596118967676,15.787102765111957,1.3723423355844984,0.28300998203185646,4.010566667079085,26.989399266495138
1,158,1.6662210499926005,12.0,21.0,6.0,0.0,0.0,7.201925578873998,3.7213400399363294,12.580314627684023,12.603369763029496,7.8016845268723,19.265589481711277,3.600962789436999,1.3214898788492855,7.837780000784818,23.406258131340493
1,159,3.5360921089886688,21.0,8.0,8.0,0.0,0.0,5.938759328869986,3.6761856262262436,9.078024481699446,2.2623845062361854,0.9767370504769759,4.457799382579326,2.2623845062361854,0.9767370504769759,4.457799382579326,10.463528341342355
1,160,5.233012625983974,30.0,15.0,8.0,0.0,0.0,5.732835394097494,3.867919966582343,8.18397899178675,2.866417697048747,1.6043122256378484,4.727720080139096,1.528756105092665,0.66000837827122,3.012258969512677,10.128009196238906
1,161,1.1268251060246257,28.0,25.0,3.0,0.0,0.0,24.848576633850833,16.511698715604336,35.91311173926205,22.186229137366812,14.357757704659944,32.75125083761121,2.6623474964840175,0.5490400591785188,7.7805091694067405,49.697153267701665
1,162,3.8561936029800563,40.0,32.0,3.0,0.0,0.0,10.37292317716831,7.41056839565966,14.124977263042718,8.298338541734648,5.676057419515865,11.714778024762493,0.7779692382876233,0.1604359600662926,2.2735562506423426,19.449230957190583
1,163,7.019193327978428,28.0,34.0,4.0,0.0,0.0,3.9890623739329567,2.650702977747461,5.765305791188854,4.8438614540614475,3.354514868641417,6.768810869736612,0.5698660534189939,0.15526931980661274,1.4590834297982411,9.402789881413398
1,164,4.1090345330230775,33.0,17.0,1.0,0.0,0.0,8.03108363650607,5.528228441540396,11.278627350710808,4.1372249036546425,2.4100859678882793,6.6240978500322925,0.24336617080321427,0.006161497982267672,1.3559495171338356,12.411674710963927
1,166,5.018913444022473,30.0,27.0,3.0,0.0,0.0,5.977389396051451,4.032919524748489,8.533095035901539,5.3796504564463055,3.5452235489250055,7.8271089715541615,0.5977389396051451,0.1232681395676269,1.7468468359788405,11.954778792102902
1,167,5.338709614996333,31.0,22.0,3.0,0.0,0.0,5.806646593574147,3.94533464041129,8.242071338671035,4.120845969633265,2.5825122298282337,6.239010320689283,0.5619335413136272,0.11588420564358158,1.6422082679146328,10.489426104521039
1,168,3.726634175996878,34.0,24.0,6.0,0.0,0.0,9.123514247519337,6.318298838193233,12.749196688320954,6.440127704131296,4.126311338454098,9.5823995346151,1.610031926032824,0.5908533409780803,3.5043616855752315,17.173673877683456
1,169,5.520381736983836,25.0,19.0,4.0,0.0,0.0,4.528672325776372,2.930717950072209,6.685213714530921,3.441790967590043,2.0721829955579802,5.374782938072107,0.7245875721242195,0.19742572625453855,1.8552319682514165,8.695050865490636
1,170,5.424254661993473,32.0,27.0,4.0,0.0,0.0,5.899428030954515,4.035204405989393,8.328232152510768,4.977642401117872,3.280297707339867,7.242208357290687,0.7374285038693144,0.200924447973058,1.8881098535369651,11.6144989359417
1,171,3.0519798320092377,29.0,21.0,3.0,0.0,0.0,9.502028714556795,6.363657758761084,13.646498250667515,6.880779413989403,4.2593109062317165,10.518002248334058,0.9829684877127719,0.20271173367757978,2.8726510502431744,17.36577661625897
1,172,2.5416150850142003,28.0,17.0,4.0,0.0,0.0,11.016617018482782,7.32046200290536,15.922078910324887,6.68866033265026,3.8963911286165342,10.709193133292462,1.573802431211826,0.4288081936766738,4.02955928920546,19.279079782344866
1,173,2.76194066197786,30.0,26.0,5.0,0.0,0.0,10.8619277788961,7.328497060080275,15.506077297163513,9.413670741709952,6.149322268000443,13.793208741799683,1.8103212964826831,0.587806397316234,4.2246860115259794,22.085919817088733
1,174,7.351128436013823,42.0,33.0,1.0,0.0,0.0,5.713408542046186,4.117722332830259,7.722868573532279,4.489106711607718,3.090094503238947,6.304374855175248,0.1360335367153854,0.0034440709619839743,0.757930355786321,10.33854879036929
1,175,2.7479294500226388,37.0,28.0,0.0,0.0,0.0,13.464683381771383,9.480379697117554,18.559292394319176,10.18949012674591,6.770842190182229,14.726650257682126,0.0,0.0,1.3424214563017784,23.654173508517296
1,177,1.7235620899664355,27.0,29.0,4.0,0.0,0.0,15.665231996676022,10.323486595200801,22.792090098667174,16.825619551985355,11.268381481937883,24.1643963284187,2.32077511061867,0.632333108259273,5.9421060227677325,34.811626659280044
1,179,1.0863467909948668,11.0,10.0,1.0,0.0,0.0,10.125680023343465,5.054702985045947,18.117638562983483,9.205163657584968,4.414233774963204,16.92862370880302,0.9205163657584967,0.023305456594669968,5.128788925529422,20.25136004668693
1,180,1.7530337580174091,28.0,12.0,7.0,0.0,0.0,15.972310785199344,10.613484521199254,23.084436199925314,6.845276050799718,3.5370540244100876,11.957319676423925,3.993077696299836,1.6054243329020461,8.227266186826704,26.810664532298897
1,181,3.5750067900080467,16.0,13.0,1.0,0.0,0.0,4.4755159751637805,2.5581440793909476,7.267957551907886,3.6363567298205717,1.9362068095507654,6.2182807541209835,0.2797197484477363,0.007081890880613654,1.5584986877539209,8.39159245343209
1,182,6.45241083799192,22.0,13.0,5.0,0.0,0.0,3.409578303734718,2.136764570391244,5.162142526790998,2.0147508158432426,1.0727699560367752,3.445285254817606,0.7749041599397086,0.2516092714616529,1.8083678135650176,6.199233279517669
1,183,1.603076161009085,10.0,19.0,2.0,0.0,0.0,6.238006804184102,2.991366731518165,11.47191661214751,11.852212927949793,7.135806421802253,18.508698646550105,1.2476013608368204,0.15109031275937757,4.5067650829367025,19.337821092970714
1,185,1.8613919139897916,13.0,13.0,0.0,0.0,0.0,6.984020883670442,3.7186969809957846,11.942888411129516,6.984020883670442,3.7186969809957846,11.942888411129516,0.0,0.0,1.9817854726826576,13.968041767340884
1,186,1.861426497976936,21.0,9.0,1.0,0.0,0.0,11.281670279661078,6.983531715168082,17.24523142322921,4.835001548426177,2.210870588686186,9.178339015796507,0.5372223942695752,0.013601293422977574,2.9932116024964492,16.65389422235683
1,187,1.9873943169804988,21.0,21.0,3.0,0.0,0.0,10.566599602592131,6.540891695728716,16.152169934608075,10.566599602592131,6.540891695728716,16.152169934608075,1.5095142289417331,0.3112981241868329,4.411441149264568,22.642713434125998
1,189,1.3911190910148434,16.0,16.0,0.0,0.0,0.0,11.501531467250404,6.574119004412354,18.677766530114933,11.501531467250404,6.574119004412354,18.677766530114933,0.0,0.0,2.6517351950240577,23.003062934500807
1,191,1.4822050920047332,22.0,13.0,1.0,0.0,0.0,14.842750250064414,9.301872559067949,22.47210225278248,8.770716056856244,4.6700369121263945,14.998191571512887,0.6746704659120188,0.01708117730863188,3.7590232424603665,24.288136772832676
2,0,19.706217942017247,269.0,0.0,1.0,0.0,0.0,13.650513801861644,12.067844655297822,15.383060228703062,0.0,0.0,0.18719367993229044,0.050745404467887154,0.0012847624064030927,0.2827352974240247,13.701259206329532
2,1,242.08266584809462,1993.0,1717.0,475.0,0.0,0.0,8.232724937235263,7.875211698736616,8.602284421430744,7.092618523448543,6.761065770367884,7.436224491558523,1.9621396614083042,1.789630290381042,2.146789383415641,17.287483122092112
2,2,427.96497356687905,1935.0,2114.0,164.0,0.0,0.0,4.5213980571183665,4.322164197288591,4.727446754336449,4.9396565853996,4.73131041135596,5.15481535868206,0.3832089309392311,0.32680329271003783,0.4465542122147547,9.844263573457198
2,3,895.914820717684,2478.0,2687.0,122.0,0.0,0.0,2.765887942354795,2.658047919563783,2.876980435152416,2.9991690480659137,2.886829352094328,3.114760347109525,0.1361736597930932,0.11308399416847163,0.16259153937756907,5.901230650213801
2,4,1322.9165325161666,2811.0,3300.0,73.0,0.0,0.0,2.124850609171481,2.0470190221942572,2.204883952600816,2.494488441930234,2.4100982097382304,2.5810793594990034,0.055181107957850625,0.04325318001254919,0.06938195867006437,4.674520159059566
2,5,1594.7280004939457,2743.0,3843.0,70.0,0.0,0.0,1.7200425396370995,1.6562698641887101,1.7856418378543348,2.4098153408040006,2.3342212264459,2.4872342666597995,0.04389463280153006,0.034218019681753656,0.05545822786371443,4.17375251324263
2,6,1773.0136473821185,2794.0,4525.0,39.0,0.0,0.0,1.5758479942471866,1.5179522272916575,1.6353866114183009,2.552151816023092,2.47832644021667,2.6276178129051715,0.021996446591138252,0.015641623813998494,0.03006986660511734,4.149996256861417
2,7,1840.7604019669816,2816.0,4745.0,20.0,0.0,0.0,1.5298025734315592,1.4738164314723128,1.587371063468287,2.5777390663823683,2.5049102253954354,2.6521479626827813,0.010865075095394597,0.0066366701349886365,0.016780227274374327,4.118406714909322
2,8,1720.461144727953,2598.0,4857.0,38.0,0.0,0.0,1.5100602579495088,1.4525466078029814,1.5692673370299834,2.8230803205776613,2.7442383440450637,2.9036127386271025,0.02208710154044701,0.01563014760757546,0.03031627251745174,4.3552276800676175
2,9,1655.067307602163,2551.0,4721.0,24.0,0.0,0.0,1.5413270434879478,1.4820894504133864,1.6023250809725882,2.852451968759938,2.7716585355356345,2.9350027560245953,0.014500920832501273,0.009291013594465108,0.021576220755329563,4.4082799330803875
2,10,1481.918643141944,2107.0,4240.0,36.0,0.0,0.0,1.421805447789473,1.3617376854690089,1.4838406521287633,2.8611557183803353,2.775676106347224,2.948598544217683,0.02429283157115379,0.017014400577252294,0.0336315186531211,4.307253997740962
2,11,1296.5307480240663,1872.0,3799.0,16.0,0.0,0.0,1.4438531464471307,1.3791806215110414,1.5107754298352138,2.930127191961885,2.8376847479836056,3.024814217378105,0.012340625183308808,0.0070537335636499405,0.020040402155644562,4.386320963592325
2,12,1174.8437164489515,1591.0,3544.0,18.0,0.0,0.0,1.354222674662559,1.2884893940304538,1.4224403593753592,3.01657143872037,2.918065075245575,3.117555347272967,0.015321186765509781,0.009080306283327743,0.024214080451069153,4.386115300148439
2,13,1108.607697501022,1515.0,3249.0,8.0,0.0,0.0,1.3665790012238332,1.2986233531335059,1.4371680341902149,2.930703085792894,2.830786948910592,3.0332454499478767,0.007216258752337073,0.0031154683343205974,0.014218906521870677,4.304498345769065
2,14,820.8321245070547,1345.0,2979.0,7.0,0.0,0.0,1.6385810933115355,1.552170729774735,1.7285499465544751,3.6292439234015346,3.5000762478744187,3.7619594791734814,0.008527931340654831,0.0034286706958624614,0.01757079789045028,5.276352948053725
2,15,834.7169694998665,1261.0,2755.0,8.0,0.0,0.0,1.5106917027882487,1.4284512739738953,1.5964324692686507,3.300519937495341,3.1784134353218785,3.4261161565555844,0.009584086932835837,0.004137728479172908,0.01888447197813418,4.820795727216425
2,16,616.18800185281,1008.0,2450.0,3.0,0.0,0.0,1.6358643741342807,1.5364232512519298,1.7400524773788035,3.9760592426874877,3.820160931774182,4.136686707038185,0.00486864397063774,0.0010040314336457734,0.014228243723311865,5.616792260792407
2,17,553.0776664642035,977.0,2247.0,2.0,0.0,0.0,1.7664788496087895,1.6574344734669755,1.880812742697986,4.062720547667298,3.8964572717371535,4.23425418176923,0.003616128658359856,0.0004379299567317483,0.013062700061477818,5.832815525934447
2,18,560.606161151125,830.0,2088.0,0.0,0.0,0.0,1.480540275004672,1.3815171455913338,1.5847865914572603,3.7245398725418735,3.566480670003559,3.8878000263257624,0.0,0.0,0.006580162170425218,5.205080147546545
2,19,461.1467573329501,768.0,1941.0,0.0,0.0,0.0,1.6654134237910307,1.5496957121524961,1.787483740337443,4.209072207784363,4.023884557411746,4.400584260146252,0.0,0.0,0.007999361147953488,5.874485631575394
2,20,408.9485091739334,722.0,1671.0,0.0,0.0,0.0,1.7655034406615722,1.6390550306266096,1.8991179857171587,4.08608898801314,3.8925002435586467,4.286813583069035,0.0,0.0,0.00902040078729077,5.851592428674713
2,21,314.70192864907585,603.0,1456.0,1.0,0.0,0.0,1.916098838632811,1.7661952467984374,2.075325466047323,4.626600180844731,4.391978654108359,4.870499985611528,0.003177610014316436,8.045012019142013e-05,0.01770450983524743,6.5458766294918584
2,22,254.79372630302532,562.0,1360.0,2.0,0.0,0.0,2.2057058003524594,2.0270919828927334,2.395840269234286,5.337651047116272,5.057706417952705,5.629058972920827,0.007849486833994519,0.000950609271501082,0.02835504536376089,7.5512063343027265
2,23,205.2191676259754,460.0,1237.0,5.0,0.0,0.0,2.241506021690812,2.0413223559350118,2.4560143029311026,6.027702062677249,5.696437060250567,6.373205771518359,0.02436419588794361,0.007910988086051127,0.056857905693238786,8.293572280256004
2,24,218.2276438219924,514.0,1240.0,4.0,0.0,0.0,2.355338631705469,2.156093229657644,2.56804361399392,5.682139889717474,5.370238647210294,6.007430920891065,0.018329483515217657,0.004994167349922564,0.04693075769886297,8.05580800493816
2,25,172.12426184192736,424.0,1050.0,4.0,0.0,0.0,2.4633366351885133,2.234416036327394,2.7093469728985746,6.100244025820611,5.7367990516271385,6.480679134819438,0.023239024860268995,0.00633185212801213,0.05950113345908897,8.586819685869393
2,26,167.61847484501777,346.0,979.0,1.0,0.0,0.0,2.0642115991087264,1.852413691467944,2.2935885466428676,5.840644958171802,5.480465763274711,6.218277372065453,0.005965929477192851,0.0001510442569513835,0.03324003154240911,7.910822486757721
2,27,121.86651116012217,350.0,959.0,3.0,0.0,0.0,2.871994912040519,2.5789576895054593,3.1892083814216416,7.8692660589910215,7.379033002367713,8.383507383073866,0.02461709924606159,0.00507663768336421,0.07194161042505662,10.765878070277603
2,28,99.43803254584054,289.0,807.0,2.0,0.0,0.0,2.9063326435664556,2.580880082644433,3.26146648835813,8.115607070443355,7.565263945668526,8.695401976664321,0.020113028675200387,0.0024357810823771825,0.0726551751151493,11.042052742685012
2,29,99.5532638609584,262.0,741.0,1.0,0.0,0.0,2.6317570096538847,2.322703553957421,2.970485959666949,7.443251695242475,6.916906110317186,7.999029914042583,0.010044874082648415,0.0002543141932508625,0.055966456295401465,10.085053578979007
2,30,65.18613437305612,231.0,657.0,1.0,0.0,0.0,3.543698398772991,3.101415515766742,4.031361322483834,10.078830510795909,9.322779192646637,10.879865657878609,0.015340685708973987,0.0003883925351271432,0.08547283014287571,13.637869595277873
2,31,47.38902503711142,214.0,603.0,0.0,0.0,0.0,4.515813520797521,3.931010963473786,5.1630906544133595,12.724465201125724,11.728982609433714,13.781860382824297,0.0,0.0,0.07784248465177518,17.240278721923247
2,32,82.0956738090099,211.0,619.0,1.0,0.0,0.0,2.5701719738713322,2.2350573037295205,2.941355215615426,7.5399831840111595,6.957621383835659,8.158077249251493,0.012180909828774086,0.0003083939361188516,0.0678676857431118,10.122336067711267
2,33,49.327438695996534,174.0,526.0,1.0,0.0,0.0,3.527448507358279,3.0227817508622685,4.092279481107465,10.663436292358936,9.771505778473744,11.614902901350638,0.020272692571024594,0.0005132601378377405,0.11295221357988527,14.21115749228824
2,34,63.824207245015714,189.0,493.0,1.0,0.0,0.0,2.9612588727415767,2.554112994450208,3.4148574674873022,7.724341927310038,7.057455359911612,8.43726355670628,0.015668036363712046,0.00039668033614733295,0.08729671125486654,10.701268836415327
2,35,34.84624559512304,160.0,471.0,0.0,0.0,0.0,4.591599389473196,3.9076950891304523,5.360759681161213,13.516520702761722,12.323242728104686,14.79414510782279,0.0,0.0,0.10586160405843603,18.10812009223492
2,36,45.05689261187945,193.0,454.0,1.0,0.0,0.0,4.283473378035722,3.700443264213667,4.932288810863633,10.076149811545168,9.170485419497444,11.047064650362492,0.022194162580495967,0.0005619075465851084,0.12365795925904374,14.381817352161386
2,37,35.318408900973736,148.0,425.0,0.0,0.0,0.0,4.190449247443862,3.54253831380084,4.922561375676547,12.033384663267848,10.916393160264219,13.233661443604534,0.0,0.0,0.10444636575947884,16.22383391071171
2,38,20.018899909009633,121.0,340.0,0.0,0.0,0.0,6.044288175173062,5.015390057350482,7.22215309075826,16.98395024428794,15.226427230366003,18.888685497603742,0.0,0.0,0.18426983854660925,23.028238419461
2,39,37.23344389398699,139.0,334.0,0.0,0.0,0.0,3.733202880608307,3.1384040657716614,4.407939264824833,8.97042994333219,8.034086357516333,9.985936081529507,0.0,0.0,0.09907435542672621,12.703632823940499
2,40,25.906389055970067,112.0,292.0,0.0,0.0,0.0,4.323257855736937,3.5597571445915737,5.202002602561822,11.2713508381713,10.015486759672598,12.641131098056922,0.0,0.0,0.142392652489863,15.594608693908237
2,41,26.6587809779885,101.0,305.0,0.0,0.0,0.0,3.7886203455211707,3.0858934945661654,4.603517160336807,11.440883221623338,10.192794269736348,12.799627769196173,0.0,0.0,0.13837389853496126,15.229503567144508
2,42,18.119463646959048,108.0,249.0,3.0,0.0,0.0,5.9604413300680354,4.889465551241763,7.196278699573008,13.742128622101303,12.088109348756163,15.559277590396976,0.16556781472411208,0.034144063806184004,0.48385941441559815,19.86813776689345
2,43,24.719002139063377,83.0,242.0,0.0,0.0,0.0,3.357740718377758,2.674421739433047,4.162424810614329,9.790039202980934,8.595332074943519,11.104358635024328,0.0,0.0,0.14923253913572865,13.14777992135869
2,44,14.627959030993225,63.0,207.0,0.0,0.0,0.0,4.306820921942544,3.3094794491094626,5.510294848113034,14.150983029239788,12.288781531867272,16.215653540232243,0.0,0.0,0.2521800509762205,18.45780395118233
2,45,11.922209968986863,59.0,212.0,0.0,0.0,0.0,4.948746931439403,3.767215452967747,6.3835229844591606,17.781938126528026,15.46870290725014,20.343526444850095,0.0,0.0,0.3094123877795966,22.730685057967428
2,46,10.623882666950522,85.0,198.0,2.0,0.0,0.0,8.000841374540368,6.3907879193740245,9.893164261486328,18.637254025399915,16.13156736344431,21.421859968888764,0.18825509116565572,0.02279856490673091,0.6800421177653813,26.826350491105938
2,47,9.516911607053771,77.0,207.0,0.0,0.0,0.0,8.090860058312291,6.385180231095865,10.11218685994665,21.75075366325512,18.888458799569573,24.924253312543904,0.0,0.0,0.38761308357427654,29.841613721567413
2,48,9.243011081991426,56.0,173.0,2.0,0.0,0.0,6.058631705971587,4.576625280158834,7.867637219354834,18.71684437737651,16.031628081576024,21.72316339623791,0.21637970378469953,0.02620458597262446,0.781637888739541,24.991855787132796
2,49,13.434665766020771,35.0,141.0,0.0,0.0,0.0,2.605200651029422,1.8146177081814028,3.623203451193906,10.495236908432814,8.83444732748831,12.377526254789782,0.0,0.0,0.27457917586933384,13.100437559462236
2,50,19.554166243011423,42.0,139.0,0.0,0.0,0.0,2.1478798675453947,1.5480028836972803,2.903309610491864,7.1084595616383295,5.975892310997038,8.393237393264695,0.0,0.0,0.18864928364983732,9.256339429183724
2,51,22.408468069988885,33.0,111.0,0.0,0.0,0.0,1.4726575639588722,1.0137097057139928,2.068158748042087,4.953484533316206,4.074947362978113,5.965273126792643,0.0,0.0,0.16461988577676856,6.426142097275078
2,52,1.08889409902622,25.0,106.0,0.0,0.0,0.0,22.959073818433847,14.85790203317077,33.892122044314355,97.34647299015951,79.69931588795927,117.73775488598748,0.0,0.0,3.3877302277722325,120.30554680859336
2,53,6.787951685008011,34.0,112.0,0.0,0.0,0.0,5.00887477957349,3.46879139351807,6.999400452442527,16.49982280330091,13.585903054707668,19.853574324899803,0.0,0.0,0.5434451547822975,21.508697582874397
2,54,5.601043536989891,53.0,115.0,0.0,0.0,0.0,9.462522412115229,7.088078617880795,12.377212294704105,20.531888252702856,16.95117947825723,24.645422358763877,0.0,0.0,0.6586057454744246,29.994410664818083
2,57,6.654842985000869,28.0,83.0,0.0,0.0,0.0,4.207462153969414,2.7958280454989732,6.080954281637783,12.472119956409335,9.933973926477915,15.461069183625922,0.0,0.0,0.5543150247764191,16.67958211037875
2,58,31.933608245984942,38.0,82.0,0.0,0.0,0.0,1.189968878783931,0.8420928019800957,1.63332525774996,2.5678275805337463,2.042269478774112,3.187351092680406,0.0,0.0,0.11551715126265895,3.757796459317677
2,59,15.145855290007603,33.0,64.0,0.0,0.0,0.0,2.1788138978042113,1.4997952335987512,3.059864786886263,4.225578468468774,3.254210317112485,5.395969368781944,0.0,0.0,0.2435570249075108,6.404392366272985
2,60,13.854798874010157,19.0,71.0,0.0,0.0,0.0,1.3713659918688237,0.8256519108209716,2.1415578704101104,5.124578180141394,4.002338074969761,6.4639580784602995,0.0,0.0,0.2662528332355517,6.495944172010217
2,61,4.6525790999876335,32.0,53.0,0.0,0.0,0.0,6.8779056330466375,4.704482361480483,9.709550575838795,11.391531204733493,8.533038574768776,14.900403290164055,0.0,0.0,0.7928676492837576,18.26943683778013
2,62,6.384102607975365,25.0,60.0,0.0,0.0,0.0,3.915977160011284,2.534213943807552,5.780754784772215,9.398345184027082,7.171927483246984,12.097533224193652,0.0,0.0,0.5778227075338026,13.314322344038365
2,63,4.263014495008974,30.0,58.0,1.0,0.0,0.0,7.037273749625579,4.748019047347458,10.04614585405427,13.605395915942786,10.331147532294993,17.58812920586533,0.23457579165418596,0.005938944850863468,1.3069726592443052,20.877245457222553
2,64,4.022847735977848,27.0,76.0,0.0,0.0,0.0,6.711663421543101,4.423028486172551,9.765117902383967,18.892089631010208,14.884817871909464,23.6462673226704,0.0,0.0,0.9169821221725327,25.60375305255331
2,65,4.844998938038771,8.0,57.0,0.0,0.0,0.0,1.6511871524245074,0.712865414609687,3.2534969402024614,11.764708461024615,8.91047529938164,15.24254439421135,0.0,0.0,0.7613787951844576,13.415895613449123
2,66,1.7593611120028072,22.0,46.0,0.0,0.0,0.0,12.504539204550122,7.836528145455344,18.93202263019673,26.14585470042298,19.142051725034456,34.87490617587783,0.0,0.0,2.0967153524921436,38.6503939049731
2,67,14.022683017006784,13.0,55.0,0.0,0.0,0.0,0.9270693763977643,0.49362539840691133,1.585316867763304,3.92221659245208,2.954750308567032,5.105304019860861,0.0,0.0,0.2630651673178409,4.849285968849844
2,68,1.825639061986294,13.0,38.0,2.0,0.0,0.0,7.120794175961599,3.7915229987863666,12.176774906411246,20.814629129733905,14.729670396041314,28.569704716173067,1.0955067963017844,0.1326709553861328,3.957347220574643,29.03093010199729
2,69,1.0951275780098513,10.0,32.0,0.0,0.0,0.0,9.13135620068372,4.378840230511751,16.792889167706036,29.220339842187904,19.98669082104667,41.250401310790565,0.0,0.0,3.3684472276898063,38.35169604287162
2,70,2.8600005799889914,11.0,31.0,0.0,0.0,0.0,3.8461530661795673,1.919985753030153,6.88183025241824,10.839158641051508,7.364682415282212,15.38532048249379,0.0,0.0,1.2898177293824657,14.685311707231076
2,71,7.717026178994274,17.0,36.0,0.0,0.0,0.0,2.2029211260516335,1.2832827361093544,3.527090123135218,4.665009443403459,3.2673152627041175,6.458339434547766,0.0,0.0,0.4780182635838474,6.867930569455092
2,72,1.8790683430270292,20.0,37.0,0.0,0.0,0.0,10.643572424716387,6.501370549260654,16.438134364456314,19.690608985725316,13.864005885565225,27.140910723755,0.0,0.0,1.9631427817954963,30.3341814104417
2,73,1.2389270500061684,24.0,40.0,0.0,0.0,0.0,19.371600611900845,12.411750033716595,28.823406183257855,32.28600101983474,23.06559247507485,43.9643697857052,0.0,0.0,2.977479145439249,51.65760163173558
2,74,4.381848212011391,28.0,44.0,0.0,0.0,0.0,6.3899977007983155,4.246107066158951,9.235325822637828,10.041424958397354,7.296114746856781,13.480144318644461,0.0,0.0,0.8418546867967927,16.43142265919567
2,75,9.79481784698146,18.0,45.0,0.0,0.0,0.0,1.8377064567410195,1.0891413140150583,2.90436848463649,4.5942661418525494,3.3510892495412627,6.14748956413878,0.0,0.0,0.3766154217202482,6.4319725985935685
2,76,1.7503428379932302,5.0,35.0,0.0,0.0,0.0,2.8565832312785675,0.9275247996442509,6.666312350956584,19.996082618949973,13.928004202005397,27.809710367878992,0.0,0.0,2.107518238165981,22.85266585022854
2,77,2.3617133180086967,8.0,27.0,0.0,0.0,0.0,3.3873713371550465,1.462426514857712,6.67447191832928,11.43237826289828,7.53400931268291,16.633510149438653,0.0,0.0,1.5619505661357125,14.819749600053328
2,78,3.570688503976271,21.0,37.0,0.0,0.0,0.0,5.88121869959104,3.640567069796289,8.990067517565986,10.362147232612784,7.295907928707733,14.28285499705122,0.0,0.0,1.0331003250510509,16.243365932203826
2,79,2.2571845230122562,14.0,22.0,0.0,0.0,0.0,6.202417151663228,3.390919173097234,10.406602066581701,9.746655524042215,6.10817712582497,14.756553594774212,0.0,0.0,1.634283514043883,15.949072675705443
2,80,1.1964470099919708,18.0,44.0,0.0,0.0,0.0,15.044544262867769,8.91635040357627,23.776866029126435,36.77555264256566,26.721172848565086,49.369462907265856,0.0,0.0,3.0831950126555885,51.820096905433424
2,81,2.1471256090007955,11.0,30.0,1.0,0.0,0.0,5.123128313447415,2.557447195551941,9.16669170671452,13.97216812758386,9.426963162551248,19.94613878912186,0.46573893758612867,0.011791488992612773,2.594931273504658,19.561035378617404
2,82,3.0384080589938094,7.0,29.0,0.0,0.0,0.0,2.3038380178329634,0.9262623705822655,4.746786831021818,9.544471788165135,6.392082551275088,13.707453584222952,0.0,0.0,1.214082961370085,11.848309805998099
2,83,1.5530758190070628,8.0,26.0,0.0,0.0,0.0,5.151068545458835,2.223865785867853,10.149658521031697,16.740972772741213,10.935759225492843,24.529403920203446,0.0,0.0,2.3752088655094568,21.89204131820005
2,84,1.4028517759870738,2.0,24.0,0.0,0.0,0.0,1.4256673685947763,0.17265493239550686,5.150000728081574,17.108008423137314,10.96142380677868,25.455360434374395,0.0,0.0,2.629557532204975,18.53367579173209
2,85,9.75492406601552,9.0,24.0,0.0,0.0,0.0,0.9226109746312076,0.42187648714925285,1.7514030181884954,2.4602959323498865,1.5763580270458661,3.6607253272386875,0.0,0.0,0.3781556298285661,3.3829069069810944
2,86,4.673517818009714,8.0,22.0,0.0,0.0,0.0,1.711772654245901,0.7390219340640851,3.372874531353836,4.707374799176228,2.9500867246294415,7.1270220172841965,0.0,0.0,0.7893153717952228,6.41914745342213
2,87,2.6393014729910647,15.0,27.0,0.0,0.0,0.0,5.6833219522288285,3.180912153725659,9.373775267684099,10.229979514011891,6.741620960640071,14.884083098185386,0.0,0.0,1.3976726387127751,15.91330146624072
2,89,5.098859195983096,15.0,31.0,0.0,0.0,0.0,2.9418345209095143,1.6465224494524648,4.852108662066274,6.079791343212996,4.130923245681187,8.629778507693201,0.0,0.0,0.723471528105748,9.02162586412251
2,90,1.6741561469971202,5.0,25.0,0.0,0.0,0.0,2.986579244097594,0.9697341511605208,6.969679680268642,14.93289622048797,9.663783080717117,22.043900602536716,0.0,0.0,2.2034261623269487,17.919475464585563
2,91,2.622116491002089,15.0,38.0,0.0,0.0,0.0,5.720569643443827,3.2017594037459656,9.435209669891872,14.49210976339103,10.255479395165715,19.89155291088021,0.0,0.0,1.4068327882351879,20.21267940683486
2,92,1.5999221359961666,12.0,21.0,0.0,0.0,0.0,7.500365005280952,3.875548046506354,13.101628245880566,13.125638759241665,8.124977267085786,20.06393312069299,0.0,0.0,2.3056618638613386,20.62600376452262
2,93,1.1079694790023495,7.0,22.0,0.0,0.0,0.0,6.317863562724687,2.5401088250680033,13.017213592100935,19.856142625706163,12.443738869633947,30.06243855843126,0.0,0.0,3.3294052986328815,26.174006188430848
2,102,1.7408399500127416,18.0,29.0,0.0,0.0,0.0,10.339836238172415,6.128042259325133,16.34139902827929,16.65862505038889,11.156542643340524,23.924564368069426,0.0,0.0,2.1190227476609413,26.998461288561305
2,103,2.692914284998551,14.0,29.0,0.0,0.0,0.0,5.198828673452387,2.84224801321692,8.722751129766545,10.769002252151372,7.2121698212753875,15.466083592262947,0.0,0.0,1.3698465913540656,15.96783092560376
2,105,1.8595825340016745,12.0,18.0,0.0,0.0,0.0,6.4530612546553385,3.334390915889638,11.272199359212774,9.679591881983008,5.736739609746155,15.297928297009037,0.0,0.0,1.983713756536398,16.132653136638346
2,106,9.977063506994455,26.0,44.0,0.0,0.0,0.0,2.605977197776942,1.7023108255940842,3.818360387945579,4.410115257776364,3.2043964975998525,5.9203738894613585,0.0,0.0,0.36973599010649116,7.016092455553306
2,108,1.40795303601044,7.0,20.0,0.0,0.0,0.0,4.971756742565165,1.998904068202881,10.243719067910325,14.2050192644719,8.676794802773065,21.938500157789036,0.0,0.0,2.6200301855001524,19.176776007037066
2,109,2.542820004011446,13.0,25.0,0.0,0.0,0.0,5.112434218502193,2.7221559056811024,8.742418214065145,9.83160426635037,6.362495899161765,14.513387357072343,0.0,0.0,1.4507041191647518,14.944038484852562
2,118,1.4075990109995473,4.0,8.0,0.0,0.0,0.0,2.8417183933367274,0.774272619623683,7.275927728970953,5.683436786673455,2.4537046060411107,11.198636186167642,0.0,0.0,2.6206891488893795,8.525155180010183
2,141,1.1254094889955013,1.0,2.0,0.0,0.0,0.0,0.8885654597532875,0.02249652969150599,4.950769871250988,1.777130919506575,0.2152187989459303,6.419607919045046,0.0,0.0,3.2778108681192055,2.6656963792598627
2,142,3.177959055006795,2.0,1.0,0.0,0.0,0.0,0.6293347287936419,0.07621535531188493,2.273373426992914,0.31466736439682097,0.007966687910721287,1.7532143411857095,0.0,0.0,1.1607699754036158,0.9440020931904629
2,147,1.1321927989993128,0.0,6.0,0.0,0.0,0.0,0.0,0.0,3.2581725103483676,5.299450769606636,1.9448050327090864,11.534673276549086,0.0,0.0,3.2581725103483676,5.299450769606636
2,153,5.067778757002088,3.0,6.0,0.0,0.0,0.0,0.5919753295968054,0.12207954462115962,1.730003121708636,1.1839506591936109,0.4344890254825194,2.576962146280472,0.0,0.0,0.7279085435639936,1.7759259887904162
3,0,18.230978257961397,79.0,0.0,0.0,0.0,0.0,4.333283649521166,3.4307014727682916,5.400564345562734,0.0,0.0,0.2023412787793226,0.0,0.0,0.2023412787793226,4.333283649521166
3,1,447.19898502816795,795.0,537.0,40.0,0.0,0.0,1.7777321206351238,1.65628846642864,1.9057251722584005,1.2008077343158006,1.1013792619643812,1.306802252170392,0.08944564128981755,0.06390127750399298,0.12179957644705572,3.067985496240742
3,2,893.3575202699503,811.0,737.0,16.0,0.0,0.0,0.9078112419705563,0.8463992448023766,0.9725013700560801,0.8249776637882861,0.7664846124705111,0.8867507135399797,0.017909962850220593,0.01023709124973618,0.029084657606855472,1.750698868609063
3,3,1415.240563068277,881.0,922.0,1.0,0.0,0.0,0.6225090087087173,0.5820762461013269,0.6650100851683212,0.6514793485010639,0.61010087579271,0.6949256155947923,0.0007065936534718698,1.788940244151866e-05,0.003936887859445914,1.274694950863253
3,4,1651.8745206737876,899.0,1028.0,4.0,0.0,0.0,0.5442301995391904,0.5092315162028925,0.5810007079732217,0.6223232982494858,0.5848575124915406,0.6615596382154175,0.0024214914328773767,0.0006597749163064617,0.0061999798091360026,1.1689749892215537
3,5,1619.3560837840414,849.0,1040.0,2.0,0.0,0.0,0.5242824654205105,0.48960468016066794,0.560768235953509,0.6422305819049834,0.6037865848215299,0.6824805796435721,0.0012350588113557374,0.00014957135182892004,0.004461457081657804,1.1677481061368498
3,6,1814.6370021809198,883.0,1038.0,0.0,0.0,0.0,0.4865986965650801,0.4550286980110592,0.5197817585668242,0.5720152288047035,0.5377418670626886,0.6079002556566652,0.0,0.0,0.002032847037551014,1.0586139253697835
3,7,2235.619611979906,851.0,1009.0,0.0,0.0,0.0,0.380655096886692,0.3555064020020049,0.40711337627782507,0.4513290161676525,0.4239069592227879,0.480059442913171,0.0,0.0,0.0016500479036534288,0.8319841130543445
3,8,2057.888778036984,772.0,966.0,0.0,0.0,0.0,0.37514175121573345,0.3491422277232469,0.40256476874305624,0.469413123930568,0.4402744616966766,0.499973481081702,0.0,0.0,0.0017925553088601563,0.8445548751463015
3,9,1965.2972112140633,652.0,846.0,0.0,0.0,0.0,0.33175643677692224,0.30677674979045877,0.3582282474588718,0.4304692415847795,0.4019469987023822,0.4604812494309114,0.0,0.0,0.001877008440792082,0.7622256783617017
3,10,1682.6209369202115,558.0,655.0,0.0,0.0,0.0,0.3316254943441607,0.30467705538472545,0.36031855425558207,0.3892736537552424,0.3600290817484496,0.42026097096580356,0.0,0.0,0.002192341348649734,0.7208991480994031
3,11,1719.8392796339976,474.0,589.0,0.0,0.0,0.0,0.27560714865221175,0.25135108440084436,0.30157210240115123,0.34247386193281165,0.31537081946454854,0.37128313536354035,0.0,0.0,0.002144897780738543,0.6180810105850234
3,12,1362.9375271848985,372.0,502.0,0.0,0.0,0.0,0.27293987624535765,0.2459052287245657,0.3021350978007436,0.36832209106228375,0.3368026693770512,0.4019969741575765,0.0,0.0,0.0027065653271233876,0.6412619673076414
3,13,901.0959997979444,271.0,414.0,0.0,0.0,0.0,0.3007448707582402,0.26600080380619684,0.3387663882718432,0.4594405036675699,0.4162442939121639,0.5059017613447471,0.0,0.0,0.004093769648229606,0.76018537442581
3,14,887.7040652739306,249.0,354.0,0.0,0.0,0.0,0.28049888441500237,0.24673769837661394,0.31758980915013046,0.39878154651771425,0.35831715207851805,0.4425645952129893,0.0,0.0,0.004155528400081855,0.6792804309327166
3,15,540.8528494429556,190.0,233.0,0.0,0.0,0.0,0.35129703059841144,0.30311944763250936,0.404956001412783,0.43080109541805195,0.37725707561702126,0.4898140292582827,0.0,0.0,0.006820486307714287,0.7820981260164633
3,16,283.62690713499615,129.0,211.0,0.0,0.0,0.0,0.45482285620595464,0.3797271204262888,0.5404233263865742,0.7439350593756312,0.646936276973503,0.8513738727287317,0.0,0.0,0.013006098368368706,1.198757915581586
3,17,316.55832355692837,114.0,183.0,0.0,0.0,0.0,0.3601232111639572,0.2970572408437853,0.4326179834642925,0.5780925231842471,0.4973667247658137,0.6681876545470371,0.0,0.0,0.011653079952739087,0.9382157343482043
3,18,404.6620427780508,138.0,149.0,0.0,0.0,0.0,0.34102531350016013,0.2865030554438686,0.40290344674886946,0.3682084906632164,0.31146077655690696,0.4323045305015357,0.0,0.0,0.00911595124857612,0.7092338041633766
3,19,172.8152205039878,63.0,110.0,0.0,0.0,0.0,0.36455122307092297,0.2801311693165946,0.4664193758618067,0.6365180085365322,0.523140391388787,0.7671763322708315,0.0,0.0,0.021345801853308477,1.0010692316074552
3,20,127.56843155506795,59.0,86.0,0.0,0.0,0.0,0.4624968676089056,0.352074044347762,0.5965872624977986,0.6741479765146761,0.5392313631642921,0.8325672667387105,0.0,0.0,0.028916867669738052,1.1366448441235817
3,21,76.4433966549841,58.0,72.0,0.0,0.0,0.0,0.7587313298200807,0.5761365089391044,0.9808361876317278,0.9418733749490658,0.7369579081428124,1.1861336362889907,0.0,0.0,0.04825635196148,1.7006047047691466
3,22,76.20782067799155,53.0,96.0,0.0,0.0,0.0,0.6954666795150349,0.5209522668297851,0.9096875401034143,1.259713230819686,1.0203717613650545,1.5383254626146874,0.0,0.0,0.04840552349214818,1.9551799103347207
3,23,95.95523893595964,53.0,70.0,0.0,0.0,0.0,0.5523408683852281,0.4137412128049997,0.7224754552012719,0.7295068073012446,0.568686344935938,0.9216879642294901,0.0,0.0,0.03844375247271165,1.2818476756864727
3,24,86.49998617302481,67.0,84.0,0.0,0.0,0.0,0.774566597802464,0.6002784742801862,0.9836721991792768,0.9710984211254772,0.7745861323695866,1.202285923628501,0.0,0.0,0.04264601206681256,1.7456650189279412
3,25,77.62101043001894,27.0,39.0,0.0,0.0,0.0,0.3478439645454305,0.2292313644616444,0.50609470589898,0.5024412821211774,0.3572848683081709,0.6868537728441401,0.0,0.0,0.04752423903885833,0.8502852466666079
3,26,37.74169373695622,25.0,35.0,0.0,0.0,0.0,0.6623974052208551,0.42866867503583583,0.9778292398518801,0.9273563673091971,0.6459376882349174,1.2897282169777027,0.0,0.0,0.09774016714310382,1.5897537725300523
3,27,87.9559099090111,25.0,33.0,0.0,0.0,0.0,0.28423331673632934,0.18394081608121501,0.41958444561266994,0.37518797809195475,0.25826214061373276,0.5269034146439012,0.0,0.0,0.04194009769133216,0.659421294828284
3,28,51.3525075150319,27.0,37.0,0.0,0.0,0.0,0.5257776359235538,0.3464907750912915,0.7649788558750127,0.7205100936730181,0.5073055986502755,0.9931282542922023,0.0,0.0,0.0718344562441109,1.2462877295965717
3,29,18.260341096996854,12.0,16.0,0.0,0.0,0.0,0.6571618753591385,0.33956513056275717,1.1479295450633364,0.8762158338121846,0.5008330570093017,1.4229196190554287,0.0,0.0,0.20201591166994243,1.533377709171323
3,30,3.915455911985191,8.0,10.0,0.0,0.0,0.0,2.0431847988664718,0.8821021751710544,4.025888574544352,2.5539809985830897,1.2247331610742371,4.696861988849112,0.0,0.0,0.9421328031870552,4.597165797449561
3,31,35.396845173003385,14.0,27.0,0.0,0.0,0.0,0.3955154740930861,0.21623199013617536,0.6636077595906977,0.762779842893809,0.5026767228774203,1.1098046239195087,0.0,0.0,0.10421492186900842,1.158295316986895
3,32,7.7071248490028665,6.0,22.0,0.0,0.0,0.0,0.7785004288306383,0.28569593676372423,1.6944676878055627,2.8545015723790073,1.7889009380733443,4.321749684830211,0.0,0.0,0.4786323728220383,3.6330020012096456
3,33,1.1413021020125598,9.0,12.0,0.0,0.0,0.0,7.885729802941305,3.6058578093576883,14.969571528250068,10.51430640392174,5.432895547802978,18.36637732569975,0.0,0.0,3.2321674056404572,18.400036206863046
3,34,12.42536027199094,12.0,12.0,0.0,0.0,0.0,0.9657667654957434,0.49902578058033936,1.6870001826368153,0.9657667654957434,0.49902578058033936,1.6870001826368153,0.0,0.0,0.2968830982252766,1.9315335309914867
3,35,7.171613960003015,5.0,15.0,0.0,0.0,0.0,0.6971931322413091,0.22637671229555947,1.6270161980829438,2.0915793967239273,1.1706411108580896,3.4497421374693533,0.0,0.0,0.514372284214861,2.7887725289652363
3,36,5.861700170004042,13.0,16.0,0.0,0.0,0.0,2.217786584602985,1.1808779518313421,3.7924826029004386,2.729583488742135,1.5601928089807457,4.432672576895559,0.0,0.0,0.6293190281193438,4.9473700733451205
3,37,5.742183068992745,10.0,19.0,0.0,0.0,0.0,1.7414979424809829,0.8351159547711196,3.202676720866667,3.3088460907138675,1.9921414951288423,5.167173044657082,0.0,0.0,0.642417597939979,5.05034403319485
3,38,5.010911440003838,7.0,8.0,0.0,0.0,0.0,1.3969514496138529,0.5616469349371919,2.8782538934057333,1.5965159424158317,0.6892622665759697,3.145772861669501,0.0,0.0,0.7361693572678887,2.9934673920296846
3,39,3.1705991689959774,6.0,6.0,0.0,0.0,0.0,1.892386795111663,0.6944726015897231,4.118929365219691,1.892386795111663,0.6944726015897231,4.118929365219691,0.0,0.0,1.163464461287322,3.784773590223326
3,40,1.9098792499862611,6.0,7.0,0.0,0.0,0.0,3.1415598656528476,1.152897102529749,6.837853242613441,3.665153176594989,1.4735816683385148,7.551616345277393,0.0,0.0,1.9314726070459545,6.806713042247837
3,41,3.5064345210048486,2.0,6.0,0.0,0.0,0.0,0.5703799651809424,0.06907565993120396,2.0604085501797877,1.7111398955428272,0.6279581838191143,3.724431169122814,0.0,0.0,1.0520314672971003,2.2815198607237694
3,42,1.3556238960081828,4.0,6.0,0.0,0.0,0.0,2.9506709137973584,0.8039585144785218,7.554889453897525,4.4260063706960375,1.6242663322582502,9.633552536934518,0.0,0.0,2.721167327439667,7.376677284493396
3,43,4.443202202994144,7.0,12.0,0.0,0.0,0.0,1.575440342391554,0.6334087270715137,3.2460092300060888,2.700754872671235,1.3955194531871251,4.717675246481366,0.0,0.0,0.8302299300329182,4.276195215062789
3,44,2.5720610490097897,5.0,8.0,0.0,0.0,0.0,1.9439662996820917,0.6312005660765485,4.536568867140548,3.1103460794913467,1.3428266712713457,6.128621723913567,0.0,0.0,1.4342114684774325,5.054312379173439
3,45,3.7338111700082663,3.0,11.0,0.0,0.0,0.0,0.8034685910464396,0.16569453963421282,2.348076180221753,2.946051500503612,1.4706582944912774,5.271299917734828,0.0,0.0,0.9879662591790278,3.7495200915500515
3,46,12.858995840979333,8.0,10.0,0.0,0.0,0.0,0.622132559877298,0.2685926816883907,1.2258491576736368,0.7776656998466225,0.3729209306414411,1.4301549101844317,0.0,0.0,0.286871502233334,1.3997982597239205
3,47,11.278555921002408,8.0,12.0,0.0,0.0,0.0,0.7093106649498246,0.30622999973932247,1.3976247784381535,1.063965997424737,0.5497667566798858,1.8585344786155862,0.0,0.0,0.3270701923146628,1.7732766623745617
3,48,4.827340741998341,8.0,3.0,0.0,0.0,0.0,1.6572271210107896,0.7154730443409184,3.2653980861661602,0.6214601703790461,0.12816002763448883,1.8161703385605623,0.0,0.0,0.7641638846871364,2.2786872913898355
3,49,14.29365877599048,7.0,11.0,0.0,0.0,0.0,0.48972765543823715,0.19689591696754666,1.0090261414333335,0.7695720299743727,0.38416758461175227,1.3769769393377789,0.0,0.0,0.25807804089392883,1.2592996854126097
3,50,26.528269385002204,1.0,7.0,0.0,0.0,0.0,0.03769563651088945,0.000954370887028286,0.21002664403313226,0.26386945557622615,0.10608920659977052,0.5436719279492939,0.0,0.0,0.13905465903476724,0.3015650920871156
3,51,10.010764374004793,4.0,13.0,0.0,0.0,0.0,0.39956988802842086,0.10886934632648092,1.0230576100660496,1.2986021360923679,0.6914509454421096,2.2206492019615514,0.0,0.0,0.3684912876076619,1.6981720241207887
3,59,6.424963496006967,4.0,3.0,0.0,0.0,0.0,0.6225716305603836,0.1696298156874607,1.5940306402937094,0.4669287229202877,0.09629192808334212,1.3645638726494045,0.0,0.0,0.5741479241721027,1.0895003534806713
3,61,16.32957352798985,9.0,3.0,0.0,0.0,0.0,0.5511472779477964,0.25201963115107334,1.046249212946977,0.18371575931593212,0.037886606275121686,0.5368954097126114,0.0,0.0,0.2259017633124943,0.7348630372637285
3,62,2.492836024001008,3.0,2.0,0.0,0.0,0.0,1.2034485907279986,0.24818003147380346,3.516987473436311,0.8022990604853323,0.09716213830832662,2.8981800640574495,0.0,0.0,1.479792260139628,2.0057476512133308
3,63,1.9157841799969901,0.0,1.0,0.0,0.0,0.0,0.0,0.0,1.9255193213463802,0.5219794643056146,0.01321537584903204,2.908283432504204,0.0,0.0,1.9255193213463802,0.5219794643056146
3,64,5.2347576249958365,1.0,3.0,0.0,0.0,0.0,0.19103081205231454,0.004836481418623468,1.064355561436969,0.5730924361569436,0.11818543803087604,1.6748192939972644,0.0,0.0,0.7046896376824838,0.7641232482092581
3,65,1.4751918870024383,1.0,4.0,0.0,0.0,0.0,0.6778779146026764,0.017162382878701414,3.776894002759445,2.7115116584107057,0.7387956666714799,6.942546773501045,0.0,0.0,2.500609911575414,3.389389573013382
3,69,1.1277499680072651,3.0,5.0,0.0,0.0,0.0,2.660164118914587,0.5485897942331981,7.774128413618224,4.433606864857645,1.439580080846397,10.346559441664734,0.0,0.0,3.2710082542783736,7.093770983772232
3,71,3.979580980994797,5.0,1.0,0.0,0.0,0.0,1.2564136837215771,0.407954103176106,2.9320504181336893,0.2512827367443154,0.006361928078659439,1.400057799438504,0.0,0.0,0.9269517247496261,1.5076964204658925
3,73,2.881713447997754,2.0,3.0,0.0,0.0,0.0,0.6940315323127016,0.08405043836411098,2.507080526255569,1.0410472984690524,0.2146889807261931,3.042381981398574,0.0,0.0,1.2800993300277685,1.735078830781754
3,74,1.0292298359927372,1.0,1.0,0.0,0.0,0.0,0.9716002830752144,0.02459878940437997,5.413410295830381,0.9716002830752144,0.02459878940437997,5.413410295830381,0.0,0.0,3.5841163218474423,1.9432005661504288
3,75,1.0916817409961368,2.0,5.0,0.0,0.0,0.0,1.8320357709519275,0.22186803117450152,6.6179431206127735,4.580089427379819,1.4871425701752812,10.688400878332509,0.0,0.0,3.379079557333175,6.412125198331746
3,76,13.66102930901252,8.0,8.0,0.0,0.0,0.0,0.5856074106159923,0.25282371471598575,1.1538800527859163,0.5856074106159923,0.25282371471598575,1.1538800527859163,0.0,0.0,0.27002939314977464,1.1712148212319846
3,77,7.383717061005882,2.0,9.0,0.0,0.0,0.0,0.2708662836719722,0.03280316357503667,0.9784621496235585,1.218898276523875,0.5573579084052412,2.3138486090759973,0.0,0.0,0.4995965343248676,1.4897645601958471
3,78,6.045335286995396,6.0,7.0,0.0,0.0,0.0,0.9925007820338898,0.36423029475759955,2.1602563633835103,1.157917579039538,0.46554292159345856,2.385752762585087,0.0,0.0,0.6102026238394717,2.1504183610734278
3,80,1.0947650460002478,0.0,2.0,0.0,0.0,0.0,0.0,0.0,3.3695626907265184,1.826876010799807,0.221243160282549,6.599304292843054,0.0,0.0,3.3695626907265184,1.826876010799807
3,81,1.2025756100047147,0.0,4.0,0.0,0.0,0.0,0.0,0.0,3.067482346577338,3.3261941841513964,0.9062759668159677,8.516378172149645,0.0,0.0,3.067482346577338,3.3261941841513964
3,147,1.6240255209995667,3.0,3.0,0.0,0.0,0.0,1.8472616108603632,0.38094975411150966,5.398482324554962,1.8472616108603632,0.38094975411150966,5.398482324554962,0.0,0.0,2.2714418008920685,3.6945232217207264
3,239,2.6760266040073475,3.0,3.0,0.0,0.0,0.0,1.1210650878834698,0.23119057260833667,3.2762279181430185,1.1210650878834698,0.23119057260833667,3.2762279181430185,0.0,0.0,1.378491323139255,2.2421301757669396
